--------------------------------------------------------
--  File created - Monday-November-12-2018
--------------------------------------------------------
DROP TABLE "ROUTAUSER"."ANNOUNCEMENT" cascade constraints;
DROP TABLE "ROUTAUSER"."APPVERSION" cascade constraints;
DROP TABLE "ROUTAUSER"."BOOKMARK" cascade constraints;
DROP TABLE "ROUTAUSER"."CUSTOMER" cascade constraints;
DROP TABLE "ROUTAUSER"."FEEDBACK" cascade constraints;
DROP TABLE "ROUTAUSER"."GEOPLACE" cascade constraints;
DROP TABLE "ROUTAUSER"."GISMAN" cascade constraints;
DROP TABLE "ROUTAUSER"."HIS_PERSONINFO" cascade constraints;
DROP TABLE "ROUTAUSER"."HIS_PERSONSTATE" cascade constraints;
DROP TABLE "ROUTAUSER"."HT_CUSTOMER" cascade constraints;
DROP TABLE "ROUTAUSER"."HT_GISMAN" cascade constraints;
DROP TABLE "ROUTAUSER"."HT_OPERATOR" cascade constraints;
DROP TABLE "ROUTAUSER"."HT_PERSON" cascade constraints;
DROP TABLE "ROUTAUSER"."OFFER" cascade constraints;
DROP TABLE "ROUTAUSER"."OPERATOR" cascade constraints;
DROP TABLE "ROUTAUSER"."OPERATORFEEDBACK" cascade constraints;
DROP TABLE "ROUTAUSER"."PERMISSION" cascade constraints;
DROP TABLE "ROUTAUSER"."PERSON" cascade constraints;
DROP TABLE "ROUTAUSER"."PERSONROLE" cascade constraints;
DROP TABLE "ROUTAUSER"."POINTHISTORY" cascade constraints;
DROP TABLE "ROUTAUSER"."PROBLEM" cascade constraints;
DROP TABLE "ROUTAUSER"."PROBLEMGISMAN" cascade constraints;
DROP TABLE "ROUTAUSER"."REPORTOPERATOR" cascade constraints;
DROP TABLE "ROUTAUSER"."ROLE" cascade constraints;
DROP TABLE "ROUTAUSER"."ROLEPERMISSION" cascade constraints;
DROP TABLE "ROUTAUSER"."SPECIALBOOKMARK" cascade constraints;
DROP TABLE "ROUTAUSER"."TRIPHISTORY" cascade constraints;
DROP TABLE "ROUTAUSER"."TYPEANNOUNCEMENT" cascade constraints;
DROP TABLE "ROUTAUSER"."TYPEANNOUNCEMENTSTATUS" cascade constraints;
DROP TABLE "ROUTAUSER"."TYPEBOOKMARK" cascade constraints;
DROP TABLE "ROUTAUSER"."TYPECITY" cascade constraints;
DROP TABLE "ROUTAUSER"."TYPEFEEDBACKSTATUS" cascade constraints;
DROP TABLE "ROUTAUSER"."TYPEPERSONREASON" cascade constraints;
DROP TABLE "ROUTAUSER"."TYPEPROBLEM" cascade constraints;
DROP TABLE "ROUTAUSER"."TYPEPROBLEMSTATUS" cascade constraints;
DROP TABLE "ROUTAUSER"."TYPEPROVINCE" cascade constraints;
DROP TABLE "ROUTAUSER"."TYPESCORE" cascade constraints;
DROP PROCEDURE "ROUTAUSER"."DATABASE_CLEANSE";
DROP PROCEDURE "ROUTAUSER"."DATABASE_CLEANSE_PERMISSION";
DROP PROCEDURE "ROUTAUSER"."DATABASE_DEFAULT";
DROP PROCEDURE "ROUTAUSER"."DATABASE_SAMPLE";
--------------------------------------------------------
--  DDL for Table ANNOUNCEMENT
--------------------------------------------------------

  CREATE TABLE "ROUTAUSER"."ANNOUNCEMENT"
   (	"ANNOUNCEMENTID" NUMBER(10,0),
	"LONGITUDE" NUMBER(19,0),
	"TYPEANNOUNCEMENTID" NUMBER(10,0),
	"CUSTOMERID" NUMBER(10,0),
	"ANNOUNCEMENTDATE" TIMESTAMP (6),
	"TYPEANNOUNCEMENTSTATUSID" NUMBER(10,0),
	"LATITUDE" NUMBER(19,0)
   ) SEGMENT CREATION DEFERRED
  PCTFREE 10 PCTUSED 40 INITRANS 1 MAXTRANS 255
 NOCOMPRESS LOGGING
  TABLESPACE "USERS" ;
--------------------------------------------------------
--  DDL for Table APPVERSION
--------------------------------------------------------

  CREATE TABLE "ROUTAUSER"."APPVERSION"
   (	"APPVERSIONID" NUMBER(10,0),
	"APPTYPE" NUMBER(1,0),
	"VERSION" VARCHAR2(50 CHAR),
	"URL" NVARCHAR2(255),
	"RELEASE" TIMESTAMP (6),
	"STABLE" NUMBER(1,0),
	"FORCE" NUMBER(1,0)
   ) SEGMENT CREATION DEFERRED
  PCTFREE 10 PCTUSED 40 INITRANS 1 MAXTRANS 255
 NOCOMPRESS LOGGING
  TABLESPACE "USERS" ;
--------------------------------------------------------
--  DDL for Table BOOKMARK
--------------------------------------------------------

  CREATE TABLE "ROUTAUSER"."BOOKMARK"
   (	"BOOKMARKID" NUMBER(10,0),
	"LONGITUDE" NUMBER(19,0),
	"CUSTOMERID" NUMBER(10,0),
	"NAME" NVARCHAR2(100),
	"LATITUDE" NUMBER(19,0),
	"TYPEBOOKMARKID" NUMBER(10,0)
   ) SEGMENT CREATION DEFERRED
  PCTFREE 10 PCTUSED 40 INITRANS 1 MAXTRANS 255
 NOCOMPRESS LOGGING
  TABLESPACE "USERS" ;
--------------------------------------------------------
--  DDL for Table CUSTOMER
--------------------------------------------------------

  CREATE TABLE "ROUTAUSER"."CUSTOMER"
   (	"CUSTOMERID" NUMBER(10,0),
	"SNAME" NVARCHAR2(100),
	"POINT" NUMBER(10,0)
   ) SEGMENT CREATION IMMEDIATE
  PCTFREE 10 PCTUSED 40 INITRANS 1 MAXTRANS 255
 NOCOMPRESS LOGGING
  STORAGE(INITIAL 65536 NEXT 1048576 MINEXTENTS 1 MAXEXTENTS 2147483645
  PCTINCREASE 0 FREELISTS 1 FREELIST GROUPS 1
  BUFFER_POOL DEFAULT FLASH_CACHE DEFAULT CELL_FLASH_CACHE DEFAULT)
  TABLESPACE "USERS" ;
--------------------------------------------------------
--  DDL for Table FEEDBACK
--------------------------------------------------------

  CREATE TABLE "ROUTAUSER"."FEEDBACK"
   (	"FEEDBACKID" NUMBER(10,0),
	"GEOPLACEID" NUMBER(10,0),
	"CUSTOMERID" NUMBER(10,0),
	"FEEDBACKCOMMENT" NVARCHAR2(255),
	"RATE" NUMBER(10,0),
	"FEEDBACKDATE" TIMESTAMP (6),
	"TYPEFEEDBACKSTATUSID" NUMBER(10,0)
   ) SEGMENT CREATION DEFERRED
  PCTFREE 10 PCTUSED 40 INITRANS 1 MAXTRANS 255
 NOCOMPRESS LOGGING
  TABLESPACE "USERS" ;
--------------------------------------------------------
--  DDL for Table GEOPLACE
--------------------------------------------------------

  CREATE TABLE "ROUTAUSER"."GEOPLACE"
   (	"GEOPLACEID" NUMBER(10,0),
	"AVERAGERATE" NUMBER(10,0)
   ) SEGMENT CREATION DEFERRED
  PCTFREE 10 PCTUSED 40 INITRANS 1 MAXTRANS 255
 NOCOMPRESS LOGGING
  TABLESPACE "USERS" ;
--------------------------------------------------------
--  DDL for Table GISMAN
--------------------------------------------------------

  CREATE TABLE "ROUTAUSER"."GISMAN"
   (	"GISMANID" NUMBER(10,0)
   ) SEGMENT CREATION DEFERRED
  PCTFREE 10 PCTUSED 40 INITRANS 1 MAXTRANS 255
 NOCOMPRESS LOGGING
  TABLESPACE "USERS" ;
--------------------------------------------------------
--  DDL for Table HIS_PERSONINFO
--------------------------------------------------------

  CREATE TABLE "ROUTAUSER"."HIS_PERSONINFO"
   (	"HISPERSONINFOID" NUMBER(10,0),
	"OPERATORID" NUMBER(10,0),
	"TIME" TIMESTAMP (6),
	"STATE" NUMBER(10,0),
	"PERSONID" NUMBER(10,0),
	"USERNAME" VARCHAR2(50 CHAR),
	"PASSWORD" VARCHAR2(90 CHAR),
	"CONFIRM" NUMBER(1,0) DEFAULT 0,
	"ACTIVE" NUMBER(1,0) DEFAULT 0,
	"BLOCK" NUMBER(1,0) DEFAULT 0,
	"LOGIN" NUMBER(1,0) DEFAULT 0,
	"SELFREGISTER" NUMBER(1,0),
	"VALIDATIONCODE" NUMBER(10,0),
	"VALIDATIONEXPIRETIME" TIMESTAMP (6),
	"CLIENTSERIALNUMBER" NUMBER(20,0),
	"CLIENTTYPE" CHAR(1 CHAR) DEFAULT NULL,
	"NATIONALID" VARCHAR2(15 CHAR),
	"FIRSTNAME" NVARCHAR2(50),
	"LASTNAME" NVARCHAR2(50),
	"MOBILE" VARCHAR2(15 CHAR),
	"PHONE" VARCHAR2(15 CHAR),
	"EMAIL" VARCHAR2(50 CHAR),
	"FATHER" NVARCHAR2(100),
	"TYPECITYID" NUMBER(10,0),
	"ADDRESS" NVARCHAR2(100),
	"ZIPCODE" VARCHAR2(15 CHAR),
	"BIRTHDAY" TIMESTAMP (6),
	"SEX" NUMBER(1,0),
	"PICTURE" VARCHAR2(255 CHAR),
	"TOTALCREDIT" NUMBER(10,0),
	"DELETED" NUMBER(1,0)
   ) SEGMENT CREATION DEFERRED
  PCTFREE 10 PCTUSED 40 INITRANS 1 MAXTRANS 255
 NOCOMPRESS LOGGING
  TABLESPACE "USERS" ;
--------------------------------------------------------
--  DDL for Table HIS_PERSONSTATE
--------------------------------------------------------

  CREATE TABLE "ROUTAUSER"."HIS_PERSONSTATE"
   (	"HISPERSONSTATEID" NUMBER(10,0),
	"OPERATORID" NUMBER(10,0),
	"TIME" TIMESTAMP (6),
	"STATE" NUMBER(10,0),
	"PERSONID" NUMBER(10,0),
	"TYPEPERSONREASONID" NUMBER(10,0)
   ) SEGMENT CREATION DEFERRED
  PCTFREE 10 PCTUSED 40 INITRANS 1 MAXTRANS 255
 NOCOMPRESS LOGGING
  TABLESPACE "USERS" ;
--------------------------------------------------------
--  DDL for Table HT_CUSTOMER
--------------------------------------------------------

  CREATE GLOBAL TEMPORARY TABLE "ROUTAUSER"."HT_CUSTOMER"
   (	"CUSTOMERID" NUMBER(10,0)
   ) ON COMMIT DELETE ROWS ;
--------------------------------------------------------
--  DDL for Table HT_GISMAN
--------------------------------------------------------

  CREATE GLOBAL TEMPORARY TABLE "ROUTAUSER"."HT_GISMAN"
   (	"GISMANID" NUMBER(10,0)
   ) ON COMMIT DELETE ROWS ;
--------------------------------------------------------
--  DDL for Table HT_OPERATOR
--------------------------------------------------------

  CREATE GLOBAL TEMPORARY TABLE "ROUTAUSER"."HT_OPERATOR"
   (	"OPERATORID" NUMBER(10,0)
   ) ON COMMIT DELETE ROWS ;
--------------------------------------------------------
--  DDL for Table HT_PERSON
--------------------------------------------------------

  CREATE GLOBAL TEMPORARY TABLE "ROUTAUSER"."HT_PERSON"
   (	"PERSONID" NUMBER(10,0)
   ) ON COMMIT DELETE ROWS ;
--------------------------------------------------------
--  DDL for Table OFFER
--------------------------------------------------------

  CREATE TABLE "ROUTAUSER"."OFFER"
   (	"OFFERID" NUMBER(10,0),
	"GEOPLACEID" NUMBER(10,0),
	"NAME" NVARCHAR2(255),
	"EXPIREDATE" TIMESTAMP (6)
   ) SEGMENT CREATION DEFERRED
  PCTFREE 10 PCTUSED 40 INITRANS 1 MAXTRANS 255
 NOCOMPRESS LOGGING
  TABLESPACE "USERS" ;
--------------------------------------------------------
--  DDL for Table OPERATOR
--------------------------------------------------------

  CREATE TABLE "ROUTAUSER"."OPERATOR"
   (	"OPERATORID" NUMBER(10,0),
	"SPECIALITY" NVARCHAR2(50),
	"SALARY" NUMBER(10,0)
   ) SEGMENT CREATION IMMEDIATE
  PCTFREE 10 PCTUSED 40 INITRANS 1 MAXTRANS 255
 NOCOMPRESS LOGGING
  STORAGE(INITIAL 65536 NEXT 1048576 MINEXTENTS 1 MAXEXTENTS 2147483645
  PCTINCREASE 0 FREELISTS 1 FREELIST GROUPS 1
  BUFFER_POOL DEFAULT FLASH_CACHE DEFAULT CELL_FLASH_CACHE DEFAULT)
  TABLESPACE "USERS" ;
--------------------------------------------------------
--  DDL for Table OPERATORFEEDBACK
--------------------------------------------------------

  CREATE TABLE "ROUTAUSER"."OPERATORFEEDBACK"
   (	"OPERATORFEEDBACKID" NUMBER(10,0),
	"FEEDBACKID" NUMBER(10,0),
	"OPERATORID" NUMBER(10,0),
	"TYPEFEEDBACKSTATUSID" NUMBER(10,0),
	"OPERATORFEEDBACKDATE" TIMESTAMP (6)
   ) SEGMENT CREATION DEFERRED
  PCTFREE 10 PCTUSED 40 INITRANS 1 MAXTRANS 255
 NOCOMPRESS LOGGING
  TABLESPACE "USERS" ;
--------------------------------------------------------
--  DDL for Table PERMISSION
--------------------------------------------------------

  CREATE TABLE "ROUTAUSER"."PERMISSION"
   (	"PERMISSIONID" NUMBER(10,0),
	"NAME" VARCHAR2(100 CHAR),
	"URL" VARCHAR2(255 CHAR)
   ) SEGMENT CREATION IMMEDIATE
  PCTFREE 10 PCTUSED 40 INITRANS 1 MAXTRANS 255
 NOCOMPRESS LOGGING
  STORAGE(INITIAL 65536 NEXT 1048576 MINEXTENTS 1 MAXEXTENTS 2147483645
  PCTINCREASE 0 FREELISTS 1 FREELIST GROUPS 1
  BUFFER_POOL DEFAULT FLASH_CACHE DEFAULT CELL_FLASH_CACHE DEFAULT)
  TABLESPACE "USERS" ;
--------------------------------------------------------
--  DDL for Table PERSON
--------------------------------------------------------

  CREATE TABLE "ROUTAUSER"."PERSON"
   (	"PERSONID" NUMBER(10,0),
	"USERNAME" VARCHAR2(50 CHAR),
	"PASSWORD" VARCHAR2(90 CHAR),
	"CONFIRM" NUMBER(1,0) DEFAULT 0,
	"ACTIVE" NUMBER(1,0) DEFAULT 0,
	"BLOCK" NUMBER(1,0) DEFAULT 0,
	"LOGIN" NUMBER(1,0) DEFAULT 0,
	"SELFREGISTER" NUMBER(1,0),
	"VALIDATIONCODE" NUMBER(10,0),
	"VALIDATIONEXPIRETIME" TIMESTAMP (6),
	"CLIENTSERIALNUMBER" NUMBER(20,0),
	"CLIENTTYPE" CHAR(1 CHAR) DEFAULT NULL,
	"NATIONALID" VARCHAR2(15 CHAR),
	"FIRSTNAME" NVARCHAR2(50),
	"LASTNAME" NVARCHAR2(50),
	"MOBILE" VARCHAR2(15 CHAR),
	"PHONE" VARCHAR2(15 CHAR),
	"EMAIL" VARCHAR2(50 CHAR),
	"FATHER" NVARCHAR2(100),
	"TYPECITYID" NUMBER(10,0),
	"ADDRESS" NVARCHAR2(100),
	"ZIPCODE" VARCHAR2(15 CHAR),
	"BIRTHDAY" TIMESTAMP (6),
	"SEX" NUMBER(1,0),
	"PICTURE" VARCHAR2(255 CHAR),
	"TOTALCREDIT" NUMBER(10,0),
	"TOTALSCORE" NUMBER(10,0),
	"DELETED" NUMBER(1,0)
   ) SEGMENT CREATION IMMEDIATE
  PCTFREE 10 PCTUSED 40 INITRANS 1 MAXTRANS 255
 NOCOMPRESS LOGGING
  STORAGE(INITIAL 65536 NEXT 1048576 MINEXTENTS 1 MAXEXTENTS 2147483645
  PCTINCREASE 0 FREELISTS 1 FREELIST GROUPS 1
  BUFFER_POOL DEFAULT FLASH_CACHE DEFAULT CELL_FLASH_CACHE DEFAULT)
  TABLESPACE "USERS" ;
--------------------------------------------------------
--  DDL for Table PERSONROLE
--------------------------------------------------------

  CREATE TABLE "ROUTAUSER"."PERSONROLE"
   (	"PERSONID" NUMBER(10,0),
	"ROLEID" NUMBER(10,0)
   ) SEGMENT CREATION IMMEDIATE
  PCTFREE 10 PCTUSED 40 INITRANS 1 MAXTRANS 255
 NOCOMPRESS LOGGING
  STORAGE(INITIAL 65536 NEXT 1048576 MINEXTENTS 1 MAXEXTENTS 2147483645
  PCTINCREASE 0 FREELISTS 1 FREELIST GROUPS 1
  BUFFER_POOL DEFAULT FLASH_CACHE DEFAULT CELL_FLASH_CACHE DEFAULT)
  TABLESPACE "USERS" ;
--------------------------------------------------------
--  DDL for Table POINTHISTORY
--------------------------------------------------------

  CREATE TABLE "ROUTAUSER"."POINTHISTORY"
   (	"POINTHISTORYID" NUMBER(10,0),
	"CUSTOMERID" NUMBER(10,0),
	"TYPEPOINTID" NUMBER(10,0),
	"POINTHISTORYDATE" TIMESTAMP (6)
   ) SEGMENT CREATION DEFERRED
  PCTFREE 10 PCTUSED 40 INITRANS 1 MAXTRANS 255
 NOCOMPRESS LOGGING
  TABLESPACE "USERS" ;
--------------------------------------------------------
--  DDL for Table PROBLEM
--------------------------------------------------------

  CREATE TABLE "ROUTAUSER"."PROBLEM"
   (	"PROBLEMID" NUMBER(10,0),
	"CUSTOMERID" NUMBER(10,0),
	"TYPEPROBLEMID" NUMBER(10,0),
	"PROBLEMDATE" TIMESTAMP (6),
	"TYPEPROBLEMSTATUSID" NUMBER(10,0),
	"LATITUDE" NUMBER(19,0),
	"LONGITUDE" NUMBER(19,0)
   ) SEGMENT CREATION DEFERRED
  PCTFREE 10 PCTUSED 40 INITRANS 1 MAXTRANS 255
 NOCOMPRESS LOGGING
  TABLESPACE "USERS" ;
--------------------------------------------------------
--  DDL for Table PROBLEMGISMAN
--------------------------------------------------------

  CREATE TABLE "ROUTAUSER"."PROBLEMGISMAN"
   (	"PROBLEMGISMANID" NUMBER(10,0),
	"PROBLEMID" NUMBER(10,0),
	"GISMANID" NUMBER(10,0),
	"TYPEPROBLEMSTATUSID" NUMBER(10,0),
	"PROBLEMGISMANDATE" TIMESTAMP (6)
   ) SEGMENT CREATION DEFERRED
  PCTFREE 10 PCTUSED 40 INITRANS 1 MAXTRANS 255
 NOCOMPRESS LOGGING
  TABLESPACE "USERS" ;
--------------------------------------------------------
--  DDL for Table REPORTOPERATOR
--------------------------------------------------------

  CREATE TABLE "ROUTAUSER"."REPORTOPERATOR"
   (	"REPORTOPERATORID" NUMBER(10,0),
	"OPERATORID" NUMBER(10,0),
	"REPORTID" NUMBER(10,0),
	"TYPEREPORTSTATUSID" NUMBER(10,0),
	"REPORTOPERATORDATE" TIMESTAMP (6)
   ) SEGMENT CREATION DEFERRED
  PCTFREE 10 PCTUSED 40 INITRANS 1 MAXTRANS 255
 NOCOMPRESS LOGGING
  TABLESPACE "USERS" ;
--------------------------------------------------------
--  DDL for Table ROLE
--------------------------------------------------------

  CREATE TABLE "ROUTAUSER"."ROLE"
   (	"ROLEID" NUMBER(10,0),
	"CATEGORY" VARCHAR2(50 CHAR),
	"NAME" VARCHAR2(50 CHAR),
	"TITLE" NVARCHAR2(50),
	"MANAGEVIEW" NUMBER(1,0) DEFAULT 0
   ) SEGMENT CREATION IMMEDIATE
  PCTFREE 10 PCTUSED 40 INITRANS 1 MAXTRANS 255
 NOCOMPRESS LOGGING
  STORAGE(INITIAL 65536 NEXT 1048576 MINEXTENTS 1 MAXEXTENTS 2147483645
  PCTINCREASE 0 FREELISTS 1 FREELIST GROUPS 1
  BUFFER_POOL DEFAULT FLASH_CACHE DEFAULT CELL_FLASH_CACHE DEFAULT)
  TABLESPACE "USERS" ;
--------------------------------------------------------
--  DDL for Table ROLEPERMISSION
--------------------------------------------------------

  CREATE TABLE "ROUTAUSER"."ROLEPERMISSION"
   (	"ROLEID" NUMBER(10,0),
	"PERMISSIONID" NUMBER(10,0)
   ) SEGMENT CREATION IMMEDIATE
  PCTFREE 10 PCTUSED 40 INITRANS 1 MAXTRANS 255
 NOCOMPRESS LOGGING
  STORAGE(INITIAL 65536 NEXT 1048576 MINEXTENTS 1 MAXEXTENTS 2147483645
  PCTINCREASE 0 FREELISTS 1 FREELIST GROUPS 1
  BUFFER_POOL DEFAULT FLASH_CACHE DEFAULT CELL_FLASH_CACHE DEFAULT)
  TABLESPACE "USERS" ;
--------------------------------------------------------
--  DDL for Table SPECIALBOOKMARK
--------------------------------------------------------

  CREATE TABLE "ROUTAUSER"."SPECIALBOOKMARK"
   (	"SPECIALBOOKMARKID" NUMBER(10,0),
	"NAME" NVARCHAR2(100),
	"LATITUDE" NUMBER(19,0),
	"LONGITUDE" NUMBER(19,0),
	"DELETED" NUMBER(1,0),
	"CUSTOMERID" NUMBER(10,0),
	"TYPEBOOKMARKID" NUMBER(10,0)
   ) SEGMENT CREATION DEFERRED
  PCTFREE 10 PCTUSED 40 INITRANS 1 MAXTRANS 255
 NOCOMPRESS LOGGING
  TABLESPACE "USERS" ;
--------------------------------------------------------
--  DDL for Table TRIPHISTORY
--------------------------------------------------------

  CREATE TABLE "ROUTAUSER"."TRIPHISTORY"
   (	"TRIPHISTORYID" NUMBER(10,0),
	"ORIGINLATITUDE" NUMBER(19,0),
	"ORIGINLONGITUDE" NUMBER(19,0),
	"DESTINATIONLATITUDE" NUMBER(19,0),
	"DESTINATIONLONGITUDE" NUMBER(19,0),
	"NAME" NVARCHAR2(100),
	"TRIPHISTORYDATE" TIMESTAMP (6),
	"CUSTOMERID" NUMBER(10,0)
   ) SEGMENT CREATION DEFERRED
  PCTFREE 10 PCTUSED 40 INITRANS 1 MAXTRANS 255
 NOCOMPRESS LOGGING
  TABLESPACE "USERS" ;
--------------------------------------------------------
--  DDL for Table TYPEANNOUNCEMENT
--------------------------------------------------------

  CREATE TABLE "ROUTAUSER"."TYPEANNOUNCEMENT"
   (	"TYPEANNOUNCEMENTID" NUMBER(10,0),
	"NAME" NVARCHAR2(100),
	"ENABLED" NUMBER(1,0),
	"DELETED" NUMBER(1,0)
   ) SEGMENT CREATION DEFERRED
  PCTFREE 10 PCTUSED 40 INITRANS 1 MAXTRANS 255
 NOCOMPRESS LOGGING
  TABLESPACE "USERS" ;
--------------------------------------------------------
--  DDL for Table TYPEANNOUNCEMENTSTATUS
--------------------------------------------------------

  CREATE TABLE "ROUTAUSER"."TYPEANNOUNCEMENTSTATUS"
   (	"TYPEANNOUNCEMENTSTATUSID" NUMBER(10,0),
	"NAME" NVARCHAR2(100),
	"ENABLED" NUMBER(1,0),
	"DELETED" NUMBER(1,0)
   ) SEGMENT CREATION DEFERRED
  PCTFREE 10 PCTUSED 40 INITRANS 1 MAXTRANS 255
 NOCOMPRESS LOGGING
  TABLESPACE "USERS" ;
--------------------------------------------------------
--  DDL for Table TYPEBOOKMARK
--------------------------------------------------------

  CREATE TABLE "ROUTAUSER"."TYPEBOOKMARK"
   (	"TYPEBOOKMARKID" NUMBER(10,0),
	"NAME" NVARCHAR2(100),
	"DELETED" NUMBER(1,0),
	"ENABLED" NUMBER(1,0)
   ) SEGMENT CREATION DEFERRED
  PCTFREE 10 PCTUSED 40 INITRANS 1 MAXTRANS 255
 NOCOMPRESS LOGGING
  TABLESPACE "USERS" ;
--------------------------------------------------------
--  DDL for Table TYPECITY
--------------------------------------------------------

  CREATE TABLE "ROUTAUSER"."TYPECITY"
   (	"TYPECITYID" NUMBER(10,0),
	"TYPEPROVINCEID" NUMBER(10,0),
	"NAME" NVARCHAR2(50),
	"LATITUDE" FLOAT(126),
	"LONGITUDE" FLOAT(126),
	"ENABLED" NUMBER(1,0),
	"DELETED" NUMBER(1,0)
   ) SEGMENT CREATION IMMEDIATE
  PCTFREE 10 PCTUSED 40 INITRANS 1 MAXTRANS 255
 NOCOMPRESS LOGGING
  STORAGE(INITIAL 65536 NEXT 1048576 MINEXTENTS 1 MAXEXTENTS 2147483645
  PCTINCREASE 0 FREELISTS 1 FREELIST GROUPS 1
  BUFFER_POOL DEFAULT FLASH_CACHE DEFAULT CELL_FLASH_CACHE DEFAULT)
  TABLESPACE "USERS" ;
--------------------------------------------------------
--  DDL for Table TYPEFEEDBACKSTATUS
--------------------------------------------------------

  CREATE TABLE "ROUTAUSER"."TYPEFEEDBACKSTATUS"
   (	"TYPEFEEDBACKSTATUSID" NUMBER(10,0),
	"NAME" NVARCHAR2(100),
	"ENABLED" NUMBER(1,0),
	"DELETED" NUMBER(1,0)
   ) SEGMENT CREATION DEFERRED
  PCTFREE 10 PCTUSED 40 INITRANS 1 MAXTRANS 255
 NOCOMPRESS LOGGING
  TABLESPACE "USERS" ;
--------------------------------------------------------
--  DDL for Table TYPEPERSONREASON
--------------------------------------------------------

  CREATE TABLE "ROUTAUSER"."TYPEPERSONREASON"
   (	"TYPEPERSONREASONID" NUMBER(10,0),
	"NAME" NVARCHAR2(100),
	"TYPE" NUMBER(10,0),
	"ENABLED" NUMBER(1,0),
	"DELETED" NUMBER(1,0)
   ) SEGMENT CREATION DEFERRED
  PCTFREE 10 PCTUSED 40 INITRANS 1 MAXTRANS 255
 NOCOMPRESS LOGGING
  TABLESPACE "USERS" ;
--------------------------------------------------------
--  DDL for Table TYPEPROBLEM
--------------------------------------------------------

  CREATE TABLE "ROUTAUSER"."TYPEPROBLEM"
   (	"TYPEPROBLEMID" NUMBER(10,0),
	"NAME" NVARCHAR2(100),
	"ENABLED" NUMBER(1,0),
	"DELETED" NUMBER(1,0)
   ) SEGMENT CREATION DEFERRED
  PCTFREE 10 PCTUSED 40 INITRANS 1 MAXTRANS 255
 NOCOMPRESS LOGGING
  TABLESPACE "USERS" ;
--------------------------------------------------------
--  DDL for Table TYPEPROBLEMSTATUS
--------------------------------------------------------

  CREATE TABLE "ROUTAUSER"."TYPEPROBLEMSTATUS"
   (	"TYPEPROBLEMSTATUSID" NUMBER(10,0),
	"NAME" NVARCHAR2(100),
	"ENABLED" NUMBER(1,0),
	"DELETED" NUMBER(1,0)
   ) SEGMENT CREATION DEFERRED
  PCTFREE 10 PCTUSED 40 INITRANS 1 MAXTRANS 255
 NOCOMPRESS LOGGING
  TABLESPACE "USERS" ;
--------------------------------------------------------
--  DDL for Table TYPEPROVINCE
--------------------------------------------------------

  CREATE TABLE "ROUTAUSER"."TYPEPROVINCE"
   (	"TYPEPROVINCEID" NUMBER(10,0),
	"NAME" NVARCHAR2(30),
	"LATITUDE" FLOAT(126),
	"LONGITUDE" FLOAT(126),
	"ENABLED" NUMBER(1,0),
	"DELETED" NUMBER(1,0)
   ) SEGMENT CREATION IMMEDIATE
  PCTFREE 10 PCTUSED 40 INITRANS 1 MAXTRANS 255
 NOCOMPRESS LOGGING
  STORAGE(INITIAL 65536 NEXT 1048576 MINEXTENTS 1 MAXEXTENTS 2147483645
  PCTINCREASE 0 FREELISTS 1 FREELIST GROUPS 1
  BUFFER_POOL DEFAULT FLASH_CACHE DEFAULT CELL_FLASH_CACHE DEFAULT)
  TABLESPACE "USERS" ;
--------------------------------------------------------
--  DDL for Table TYPESCORE
--------------------------------------------------------

  CREATE TABLE "ROUTAUSER"."TYPESCORE"
   (	"TYPESCOREID" NUMBER(10,0),
	"NAME" NVARCHAR2(100),
	"SCORE" NUMBER(10,0),
	"ENABLED" NUMBER(1,0),
	"DELETED" NUMBER(1,0)
   ) SEGMENT CREATION DEFERRED
  PCTFREE 10 PCTUSED 40 INITRANS 1 MAXTRANS 255
 NOCOMPRESS LOGGING
  TABLESPACE "USERS" ;
--------------------------------------------------------
--  DDL for Index APPVERSION_PK
--------------------------------------------------------

  CREATE UNIQUE INDEX "ROUTAUSER"."APPVERSION_PK" ON "ROUTAUSER"."APPVERSION" ("APPVERSIONID")
  PCTFREE 10 INITRANS 2 MAXTRANS 255 COMPUTE STATISTICS
  TABLESPACE "USERS" ;
--------------------------------------------------------
--  DDL for Index BOOKMARK_PK
--------------------------------------------------------

  CREATE UNIQUE INDEX "ROUTAUSER"."BOOKMARK_PK" ON "ROUTAUSER"."BOOKMARK" ("BOOKMARKID")
  PCTFREE 10 INITRANS 2 MAXTRANS 255 COMPUTE STATISTICS
  TABLESPACE "USERS" ;
--------------------------------------------------------
--  DDL for Index CUSTOMER_PK
--------------------------------------------------------

  CREATE UNIQUE INDEX "ROUTAUSER"."CUSTOMER_PK" ON "ROUTAUSER"."CUSTOMER" ("CUSTOMERID")
  PCTFREE 10 INITRANS 2 MAXTRANS 255 COMPUTE STATISTICS
  STORAGE(INITIAL 65536 NEXT 1048576 MINEXTENTS 1 MAXEXTENTS 2147483645
  PCTINCREASE 0 FREELISTS 1 FREELIST GROUPS 1
  BUFFER_POOL DEFAULT FLASH_CACHE DEFAULT CELL_FLASH_CACHE DEFAULT)
  TABLESPACE "USERS" ;
--------------------------------------------------------
--  DDL for Index GEOPLACE_PK
--------------------------------------------------------

  CREATE UNIQUE INDEX "ROUTAUSER"."GEOPLACE_PK" ON "ROUTAUSER"."GEOPLACE" ("GEOPLACEID")
  PCTFREE 10 INITRANS 2 MAXTRANS 255 COMPUTE STATISTICS
  TABLESPACE "USERS" ;
--------------------------------------------------------
--  DDL for Index GISMAN_PK
--------------------------------------------------------

  CREATE UNIQUE INDEX "ROUTAUSER"."GISMAN_PK" ON "ROUTAUSER"."GISMAN" ("GISMANID")
  PCTFREE 10 INITRANS 2 MAXTRANS 255 COMPUTE STATISTICS
  TABLESPACE "USERS" ;
--------------------------------------------------------
--  DDL for Index HIS_PERSONINFO_PK
--------------------------------------------------------

  CREATE UNIQUE INDEX "ROUTAUSER"."HIS_PERSONINFO_PK" ON "ROUTAUSER"."HIS_PERSONINFO" ("HISPERSONINFOID")
  PCTFREE 10 INITRANS 2 MAXTRANS 255 COMPUTE STATISTICS
  STORAGE( INITIAL 65536 NEXT 1048576 MINEXTENTS 1 MAXEXTENTS 2147483645
  PCTINCREASE 0 FREELISTS 1 FREELIST GROUPS 1
  BUFFER_POOL DEFAULT FLASH_CACHE DEFAULT CELL_FLASH_CACHE DEFAULT)
  TABLESPACE "USERS" ;
--------------------------------------------------------
--  DDL for Index HIS_PERSONSTATE_PK
--------------------------------------------------------

  CREATE UNIQUE INDEX "ROUTAUSER"."HIS_PERSONSTATE_PK" ON "ROUTAUSER"."HIS_PERSONSTATE" ("HISPERSONSTATEID")
  PCTFREE 10 INITRANS 2 MAXTRANS 255 COMPUTE STATISTICS
  STORAGE( INITIAL 65536 NEXT 1048576 MINEXTENTS 1 MAXEXTENTS 2147483645
  PCTINCREASE 0 FREELISTS 1 FREELIST GROUPS 1
  BUFFER_POOL DEFAULT FLASH_CACHE DEFAULT CELL_FLASH_CACHE DEFAULT)
  TABLESPACE "USERS" ;
--------------------------------------------------------
--  DDL for Index OFFER_PK
--------------------------------------------------------

  CREATE UNIQUE INDEX "ROUTAUSER"."OFFER_PK" ON "ROUTAUSER"."OFFER" ("OFFERID")
  PCTFREE 10 INITRANS 2 MAXTRANS 255 COMPUTE STATISTICS
  TABLESPACE "USERS" ;
--------------------------------------------------------
--  DDL for Index OPERATORREVIEW_PK
--------------------------------------------------------

  CREATE UNIQUE INDEX "ROUTAUSER"."OPERATORREVIEW_PK" ON "ROUTAUSER"."OPERATORFEEDBACK" ("OPERATORFEEDBACKID")
  PCTFREE 10 INITRANS 2 MAXTRANS 255 COMPUTE STATISTICS
  TABLESPACE "USERS" ;
--------------------------------------------------------
--  DDL for Index OPERATOR_PK
--------------------------------------------------------

  CREATE UNIQUE INDEX "ROUTAUSER"."OPERATOR_PK" ON "ROUTAUSER"."OPERATOR" ("OPERATORID")
  PCTFREE 10 INITRANS 2 MAXTRANS 255 COMPUTE STATISTICS
  STORAGE(INITIAL 65536 NEXT 1048576 MINEXTENTS 1 MAXEXTENTS 2147483645
  PCTINCREASE 0 FREELISTS 1 FREELIST GROUPS 1
  BUFFER_POOL DEFAULT FLASH_CACHE DEFAULT CELL_FLASH_CACHE DEFAULT)
  TABLESPACE "USERS" ;
--------------------------------------------------------
--  DDL for Index PERMISSION_PK
--------------------------------------------------------

  CREATE UNIQUE INDEX "ROUTAUSER"."PERMISSION_PK" ON "ROUTAUSER"."PERMISSION" ("PERMISSIONID")
  PCTFREE 10 INITRANS 2 MAXTRANS 255 COMPUTE STATISTICS
  STORAGE(INITIAL 65536 NEXT 1048576 MINEXTENTS 1 MAXEXTENTS 2147483645
  PCTINCREASE 0 FREELISTS 1 FREELIST GROUPS 1
  BUFFER_POOL DEFAULT FLASH_CACHE DEFAULT CELL_FLASH_CACHE DEFAULT)
  TABLESPACE "USERS" ;
--------------------------------------------------------
--  DDL for Index PERSONROLE_PK
--------------------------------------------------------

  CREATE UNIQUE INDEX "ROUTAUSER"."PERSONROLE_PK" ON "ROUTAUSER"."PERSONROLE" ("PERSONID", "ROLEID")
  PCTFREE 10 INITRANS 2 MAXTRANS 255 COMPUTE STATISTICS
  STORAGE(INITIAL 65536 NEXT 1048576 MINEXTENTS 1 MAXEXTENTS 2147483645
  PCTINCREASE 0 FREELISTS 1 FREELIST GROUPS 1
  BUFFER_POOL DEFAULT FLASH_CACHE DEFAULT CELL_FLASH_CACHE DEFAULT)
  TABLESPACE "USERS" ;
--------------------------------------------------------
--  DDL for Index PERSON_PK
--------------------------------------------------------

  CREATE UNIQUE INDEX "ROUTAUSER"."PERSON_PK" ON "ROUTAUSER"."PERSON" ("PERSONID")
  PCTFREE 10 INITRANS 2 MAXTRANS 255 COMPUTE STATISTICS
  STORAGE(INITIAL 65536 NEXT 1048576 MINEXTENTS 1 MAXEXTENTS 2147483645
  PCTINCREASE 0 FREELISTS 1 FREELIST GROUPS 1
  BUFFER_POOL DEFAULT FLASH_CACHE DEFAULT CELL_FLASH_CACHE DEFAULT)
  TABLESPACE "USERS" ;
--------------------------------------------------------
--  DDL for Index POINTHISTORY_PK
--------------------------------------------------------

  CREATE UNIQUE INDEX "ROUTAUSER"."POINTHISTORY_PK" ON "ROUTAUSER"."POINTHISTORY" ("POINTHISTORYID")
  PCTFREE 10 INITRANS 2 MAXTRANS 255 COMPUTE STATISTICS
  TABLESPACE "USERS" ;
--------------------------------------------------------
--  DDL for Index PROBLEMGISMAN_PK
--------------------------------------------------------

  CREATE UNIQUE INDEX "ROUTAUSER"."PROBLEMGISMAN_PK" ON "ROUTAUSER"."PROBLEMGISMAN" ("PROBLEMGISMANID")
  PCTFREE 10 INITRANS 2 MAXTRANS 255 COMPUTE STATISTICS
  TABLESPACE "USERS" ;
--------------------------------------------------------
--  DDL for Index PROBLEM_PK
--------------------------------------------------------

  CREATE UNIQUE INDEX "ROUTAUSER"."PROBLEM_PK" ON "ROUTAUSER"."PROBLEM" ("PROBLEMID")
  PCTFREE 10 INITRANS 2 MAXTRANS 255 COMPUTE STATISTICS
  TABLESPACE "USERS" ;
--------------------------------------------------------
--  DDL for Index REPORTOPERATOR_PK
--------------------------------------------------------

  CREATE UNIQUE INDEX "ROUTAUSER"."REPORTOPERATOR_PK" ON "ROUTAUSER"."REPORTOPERATOR" ("REPORTOPERATORID")
  PCTFREE 10 INITRANS 2 MAXTRANS 255 COMPUTE STATISTICS
  TABLESPACE "USERS" ;
--------------------------------------------------------
--  DDL for Index REPORT_PK
--------------------------------------------------------

  CREATE UNIQUE INDEX "ROUTAUSER"."REPORT_PK" ON "ROUTAUSER"."ANNOUNCEMENT" ("ANNOUNCEMENTID")
  PCTFREE 10 INITRANS 2 MAXTRANS 255 COMPUTE STATISTICS
  TABLESPACE "USERS" ;
--------------------------------------------------------
--  DDL for Index REVIEW_PK
--------------------------------------------------------

  CREATE UNIQUE INDEX "ROUTAUSER"."REVIEW_PK" ON "ROUTAUSER"."FEEDBACK" ("FEEDBACKID")
  PCTFREE 10 INITRANS 2 MAXTRANS 255 COMPUTE STATISTICS
  TABLESPACE "USERS" ;
--------------------------------------------------------
--  DDL for Index ROLEPERMISSION_PK
--------------------------------------------------------

  CREATE UNIQUE INDEX "ROUTAUSER"."ROLEPERMISSION_PK" ON "ROUTAUSER"."ROLEPERMISSION" ("ROLEID", "PERMISSIONID")
  PCTFREE 10 INITRANS 2 MAXTRANS 255 COMPUTE STATISTICS
  STORAGE(INITIAL 65536 NEXT 1048576 MINEXTENTS 1 MAXEXTENTS 2147483645
  PCTINCREASE 0 FREELISTS 1 FREELIST GROUPS 1
  BUFFER_POOL DEFAULT FLASH_CACHE DEFAULT CELL_FLASH_CACHE DEFAULT)
  TABLESPACE "USERS" ;
--------------------------------------------------------
--  DDL for Index ROLE_PK
--------------------------------------------------------

  CREATE UNIQUE INDEX "ROUTAUSER"."ROLE_PK" ON "ROUTAUSER"."ROLE" ("ROLEID")
  PCTFREE 10 INITRANS 2 MAXTRANS 255 COMPUTE STATISTICS
  STORAGE(INITIAL 65536 NEXT 1048576 MINEXTENTS 1 MAXEXTENTS 2147483645
  PCTINCREASE 0 FREELISTS 1 FREELIST GROUPS 1
  BUFFER_POOL DEFAULT FLASH_CACHE DEFAULT CELL_FLASH_CACHE DEFAULT)
  TABLESPACE "USERS" ;
--------------------------------------------------------
--  DDL for Index SPECIALBOOKMARK_PK
--------------------------------------------------------

  CREATE UNIQUE INDEX "ROUTAUSER"."SPECIALBOOKMARK_PK" ON "ROUTAUSER"."SPECIALBOOKMARK" ("SPECIALBOOKMARKID")
  PCTFREE 10 INITRANS 2 MAXTRANS 255 COMPUTE STATISTICS
  TABLESPACE "USERS" ;
--------------------------------------------------------
--  DDL for Index TRIPHISTORY_PK
--------------------------------------------------------

  CREATE UNIQUE INDEX "ROUTAUSER"."TRIPHISTORY_PK" ON "ROUTAUSER"."TRIPHISTORY" ("TRIPHISTORYID")
  PCTFREE 10 INITRANS 2 MAXTRANS 255 COMPUTE STATISTICS
  TABLESPACE "USERS" ;
--------------------------------------------------------
--  DDL for Index TYPEANNOUNCEMENT_PK
--------------------------------------------------------

  CREATE UNIQUE INDEX "ROUTAUSER"."TYPEANNOUNCEMENT_PK" ON "ROUTAUSER"."TYPEANNOUNCEMENT" ("TYPEANNOUNCEMENTID")
  PCTFREE 10 INITRANS 2 MAXTRANS 255 COMPUTE STATISTICS
  TABLESPACE "USERS" ;
--------------------------------------------------------
--  DDL for Index TYPEANNOUNCMENTSTATUS_PK
--------------------------------------------------------

  CREATE UNIQUE INDEX "ROUTAUSER"."TYPEANNOUNCMENTSTATUS_PK" ON "ROUTAUSER"."TYPEANNOUNCEMENTSTATUS" ("TYPEANNOUNCEMENTSTATUSID")
  PCTFREE 10 INITRANS 2 MAXTRANS 255 COMPUTE STATISTICS
  TABLESPACE "USERS" ;
--------------------------------------------------------
--  DDL for Index TYPEBOOKMARK_PK
--------------------------------------------------------

  CREATE UNIQUE INDEX "ROUTAUSER"."TYPEBOOKMARK_PK" ON "ROUTAUSER"."TYPEBOOKMARK" ("TYPEBOOKMARKID")
  PCTFREE 10 INITRANS 2 MAXTRANS 255 COMPUTE STATISTICS
  TABLESPACE "USERS" ;
--------------------------------------------------------
--  DDL for Index TYPECITY_PK
--------------------------------------------------------

  CREATE UNIQUE INDEX "ROUTAUSER"."TYPECITY_PK" ON "ROUTAUSER"."TYPECITY" ("TYPECITYID")
  PCTFREE 10 INITRANS 2 MAXTRANS 255 COMPUTE STATISTICS
  STORAGE(INITIAL 65536 NEXT 1048576 MINEXTENTS 1 MAXEXTENTS 2147483645
  PCTINCREASE 0 FREELISTS 1 FREELIST GROUPS 1
  BUFFER_POOL DEFAULT FLASH_CACHE DEFAULT CELL_FLASH_CACHE DEFAULT)
  TABLESPACE "USERS" ;
--------------------------------------------------------
--  DDL for Index TYPEPERSONREASON_PK
--------------------------------------------------------

  CREATE UNIQUE INDEX "ROUTAUSER"."TYPEPERSONREASON_PK" ON "ROUTAUSER"."TYPEPERSONREASON" ("TYPEPERSONREASONID")
  PCTFREE 10 INITRANS 2 MAXTRANS 255
  TABLESPACE "USERS" ;
--------------------------------------------------------
--  DDL for Index TYPEPOINT_PK
--------------------------------------------------------

  CREATE UNIQUE INDEX "ROUTAUSER"."TYPEPOINT_PK" ON "ROUTAUSER"."TYPESCORE" ("TYPESCOREID")
  PCTFREE 10 INITRANS 2 MAXTRANS 255 COMPUTE STATISTICS
  TABLESPACE "USERS" ;
--------------------------------------------------------
--  DDL for Index TYPEPROBLEMSTATUS_PK
--------------------------------------------------------

  CREATE UNIQUE INDEX "ROUTAUSER"."TYPEPROBLEMSTATUS_PK" ON "ROUTAUSER"."TYPEPROBLEMSTATUS" ("TYPEPROBLEMSTATUSID")
  PCTFREE 10 INITRANS 2 MAXTRANS 255 COMPUTE STATISTICS
  TABLESPACE "USERS" ;
--------------------------------------------------------
--  DDL for Index TYPEPROBLEM_PK
--------------------------------------------------------

  CREATE UNIQUE INDEX "ROUTAUSER"."TYPEPROBLEM_PK" ON "ROUTAUSER"."TYPEPROBLEM" ("TYPEPROBLEMID")
  PCTFREE 10 INITRANS 2 MAXTRANS 255 COMPUTE STATISTICS
  TABLESPACE "USERS" ;
--------------------------------------------------------
--  DDL for Index TYPEPROVINCE_PK
--------------------------------------------------------

  CREATE UNIQUE INDEX "ROUTAUSER"."TYPEPROVINCE_PK" ON "ROUTAUSER"."TYPEPROVINCE" ("TYPEPROVINCEID")
  PCTFREE 10 INITRANS 2 MAXTRANS 255 COMPUTE STATISTICS
  STORAGE(INITIAL 65536 NEXT 1048576 MINEXTENTS 1 MAXEXTENTS 2147483645
  PCTINCREASE 0 FREELISTS 1 FREELIST GROUPS 1
  BUFFER_POOL DEFAULT FLASH_CACHE DEFAULT CELL_FLASH_CACHE DEFAULT)
  TABLESPACE "USERS" ;
--------------------------------------------------------
--  DDL for Index TYPEREVIEWSTATUS_PK
--------------------------------------------------------

  CREATE UNIQUE INDEX "ROUTAUSER"."TYPEREVIEWSTATUS_PK" ON "ROUTAUSER"."TYPEFEEDBACKSTATUS" ("TYPEFEEDBACKSTATUSID")
  PCTFREE 10 INITRANS 2 MAXTRANS 255 COMPUTE STATISTICS
  TABLESPACE "USERS" ;
--------------------------------------------------------
--  Constraints for Table ANNOUNCEMENT
--------------------------------------------------------

  ALTER TABLE "ROUTAUSER"."ANNOUNCEMENT" MODIFY ("ANNOUNCEMENTID" NOT NULL ENABLE);
  ALTER TABLE "ROUTAUSER"."ANNOUNCEMENT" ADD CONSTRAINT "REPORT_PK" PRIMARY KEY ("ANNOUNCEMENTID")
  USING INDEX PCTFREE 10 INITRANS 2 MAXTRANS 255 COMPUTE STATISTICS
  TABLESPACE "USERS"  ENABLE;
--------------------------------------------------------
--  Constraints for Table APPVERSION
--------------------------------------------------------

  ALTER TABLE "ROUTAUSER"."APPVERSION" MODIFY ("APPVERSIONID" NOT NULL ENABLE);
  ALTER TABLE "ROUTAUSER"."APPVERSION" ADD CONSTRAINT "APPVERSION_PK" PRIMARY KEY ("APPVERSIONID")
  USING INDEX PCTFREE 10 INITRANS 2 MAXTRANS 255 COMPUTE STATISTICS
  TABLESPACE "USERS"  ENABLE;
--------------------------------------------------------
--  Constraints for Table BOOKMARK
--------------------------------------------------------

  ALTER TABLE "ROUTAUSER"."BOOKMARK" MODIFY ("BOOKMARKID" NOT NULL ENABLE);
  ALTER TABLE "ROUTAUSER"."BOOKMARK" ADD CONSTRAINT "BOOKMARK_PK" PRIMARY KEY ("BOOKMARKID")
  USING INDEX PCTFREE 10 INITRANS 2 MAXTRANS 255 COMPUTE STATISTICS
  TABLESPACE "USERS"  ENABLE;
--------------------------------------------------------
--  Constraints for Table CUSTOMER
--------------------------------------------------------

  ALTER TABLE "ROUTAUSER"."CUSTOMER" MODIFY ("CUSTOMERID" NOT NULL ENABLE);
  ALTER TABLE "ROUTAUSER"."CUSTOMER" ADD CONSTRAINT "CUSTOMER_PK" PRIMARY KEY ("CUSTOMERID")
  USING INDEX PCTFREE 10 INITRANS 2 MAXTRANS 255 COMPUTE STATISTICS
  STORAGE(INITIAL 65536 NEXT 1048576 MINEXTENTS 1 MAXEXTENTS 2147483645
  PCTINCREASE 0 FREELISTS 1 FREELIST GROUPS 1
  BUFFER_POOL DEFAULT FLASH_CACHE DEFAULT CELL_FLASH_CACHE DEFAULT)
  TABLESPACE "USERS"  ENABLE;
--------------------------------------------------------
--  Constraints for Table FEEDBACK
--------------------------------------------------------

  ALTER TABLE "ROUTAUSER"."FEEDBACK" MODIFY ("FEEDBACKID" NOT NULL ENABLE);
  ALTER TABLE "ROUTAUSER"."FEEDBACK" ADD CONSTRAINT "REVIEW_PK" PRIMARY KEY ("FEEDBACKID")
  USING INDEX PCTFREE 10 INITRANS 2 MAXTRANS 255 COMPUTE STATISTICS
  TABLESPACE "USERS"  ENABLE;
--------------------------------------------------------
--  Constraints for Table GEOPLACE
--------------------------------------------------------

  ALTER TABLE "ROUTAUSER"."GEOPLACE" MODIFY ("GEOPLACEID" NOT NULL ENABLE);
  ALTER TABLE "ROUTAUSER"."GEOPLACE" ADD CONSTRAINT "GEOPLACE_PK" PRIMARY KEY ("GEOPLACEID")
  USING INDEX PCTFREE 10 INITRANS 2 MAXTRANS 255 COMPUTE STATISTICS
  TABLESPACE "USERS"  ENABLE;
--------------------------------------------------------
--  Constraints for Table GISMAN
--------------------------------------------------------

  ALTER TABLE "ROUTAUSER"."GISMAN" MODIFY ("GISMANID" NOT NULL ENABLE);
  ALTER TABLE "ROUTAUSER"."GISMAN" ADD CONSTRAINT "GISMAN_PK" PRIMARY KEY ("GISMANID")
  USING INDEX PCTFREE 10 INITRANS 2 MAXTRANS 255 COMPUTE STATISTICS
  TABLESPACE "USERS"  ENABLE;
--------------------------------------------------------
--  Constraints for Table HIS_PERSONINFO
--------------------------------------------------------

  ALTER TABLE "ROUTAUSER"."HIS_PERSONINFO" MODIFY ("HISPERSONINFOID" NOT NULL ENABLE);
  ALTER TABLE "ROUTAUSER"."HIS_PERSONINFO" ADD CONSTRAINT "HIS_PERSONINFO_PK" PRIMARY KEY ("HISPERSONINFOID")
  USING INDEX PCTFREE 10 INITRANS 2 MAXTRANS 255 COMPUTE STATISTICS
  STORAGE( INITIAL 65536 NEXT 1048576 MINEXTENTS 1 MAXEXTENTS 2147483645
  PCTINCREASE 0 FREELISTS 1 FREELIST GROUPS 1
  BUFFER_POOL DEFAULT FLASH_CACHE DEFAULT CELL_FLASH_CACHE DEFAULT)
  TABLESPACE "USERS"  ENABLE;
--------------------------------------------------------
--  Constraints for Table HIS_PERSONSTATE
--------------------------------------------------------

  ALTER TABLE "ROUTAUSER"."HIS_PERSONSTATE" MODIFY ("HISPERSONSTATEID" NOT NULL ENABLE);
  ALTER TABLE "ROUTAUSER"."HIS_PERSONSTATE" ADD CONSTRAINT "HIS_PERSONSTATE_PK" PRIMARY KEY ("HISPERSONSTATEID")
  USING INDEX PCTFREE 10 INITRANS 2 MAXTRANS 255 COMPUTE STATISTICS
  STORAGE( INITIAL 65536 NEXT 1048576 MINEXTENTS 1 MAXEXTENTS 2147483645
  PCTINCREASE 0 FREELISTS 1 FREELIST GROUPS 1
  BUFFER_POOL DEFAULT FLASH_CACHE DEFAULT CELL_FLASH_CACHE DEFAULT)
  TABLESPACE "USERS"  ENABLE;
--------------------------------------------------------
--  Constraints for Table HT_CUSTOMER
--------------------------------------------------------

  ALTER TABLE "ROUTAUSER"."HT_CUSTOMER" MODIFY ("CUSTOMERID" NOT NULL ENABLE);
--------------------------------------------------------
--  Constraints for Table HT_GISMAN
--------------------------------------------------------

  ALTER TABLE "ROUTAUSER"."HT_GISMAN" MODIFY ("GISMANID" NOT NULL ENABLE);
--------------------------------------------------------
--  Constraints for Table HT_OPERATOR
--------------------------------------------------------

  ALTER TABLE "ROUTAUSER"."HT_OPERATOR" MODIFY ("OPERATORID" NOT NULL ENABLE);
--------------------------------------------------------
--  Constraints for Table HT_PERSON
--------------------------------------------------------

  ALTER TABLE "ROUTAUSER"."HT_PERSON" MODIFY ("PERSONID" NOT NULL ENABLE);
--------------------------------------------------------
--  Constraints for Table OFFER
--------------------------------------------------------

  ALTER TABLE "ROUTAUSER"."OFFER" MODIFY ("OFFERID" NOT NULL ENABLE);
  ALTER TABLE "ROUTAUSER"."OFFER" ADD CONSTRAINT "OFFER_PK" PRIMARY KEY ("OFFERID")
  USING INDEX PCTFREE 10 INITRANS 2 MAXTRANS 255 COMPUTE STATISTICS
  TABLESPACE "USERS"  ENABLE;
--------------------------------------------------------
--  Constraints for Table OPERATOR
--------------------------------------------------------

  ALTER TABLE "ROUTAUSER"."OPERATOR" MODIFY ("OPERATORID" NOT NULL ENABLE);
  ALTER TABLE "ROUTAUSER"."OPERATOR" ADD CONSTRAINT "OPERATOR_PK" PRIMARY KEY ("OPERATORID")
  USING INDEX PCTFREE 10 INITRANS 2 MAXTRANS 255 COMPUTE STATISTICS
  STORAGE(INITIAL 65536 NEXT 1048576 MINEXTENTS 1 MAXEXTENTS 2147483645
  PCTINCREASE 0 FREELISTS 1 FREELIST GROUPS 1
  BUFFER_POOL DEFAULT FLASH_CACHE DEFAULT CELL_FLASH_CACHE DEFAULT)
  TABLESPACE "USERS"  ENABLE;
--------------------------------------------------------
--  Constraints for Table OPERATORFEEDBACK
--------------------------------------------------------

  ALTER TABLE "ROUTAUSER"."OPERATORFEEDBACK" MODIFY ("OPERATORFEEDBACKID" NOT NULL ENABLE);
  ALTER TABLE "ROUTAUSER"."OPERATORFEEDBACK" ADD CONSTRAINT "OPERATORREVIEW_PK" PRIMARY KEY ("OPERATORFEEDBACKID")
  USING INDEX PCTFREE 10 INITRANS 2 MAXTRANS 255 COMPUTE STATISTICS
  TABLESPACE "USERS"  ENABLE;
--------------------------------------------------------
--  Constraints for Table PERMISSION
--------------------------------------------------------

  ALTER TABLE "ROUTAUSER"."PERMISSION" MODIFY ("PERMISSIONID" NOT NULL ENABLE);
  ALTER TABLE "ROUTAUSER"."PERMISSION" ADD CONSTRAINT "PERMISSION_PK" PRIMARY KEY ("PERMISSIONID")
  USING INDEX PCTFREE 10 INITRANS 2 MAXTRANS 255 COMPUTE STATISTICS
  STORAGE(INITIAL 65536 NEXT 1048576 MINEXTENTS 1 MAXEXTENTS 2147483645
  PCTINCREASE 0 FREELISTS 1 FREELIST GROUPS 1
  BUFFER_POOL DEFAULT FLASH_CACHE DEFAULT CELL_FLASH_CACHE DEFAULT)
  TABLESPACE "USERS"  ENABLE;
--------------------------------------------------------
--  Constraints for Table PERSON
--------------------------------------------------------

  ALTER TABLE "ROUTAUSER"."PERSON" MODIFY ("PERSONID" NOT NULL ENABLE);
  ALTER TABLE "ROUTAUSER"."PERSON" ADD CONSTRAINT "PERSON_PK" PRIMARY KEY ("PERSONID")
  USING INDEX PCTFREE 10 INITRANS 2 MAXTRANS 255 COMPUTE STATISTICS
  STORAGE(INITIAL 65536 NEXT 1048576 MINEXTENTS 1 MAXEXTENTS 2147483645
  PCTINCREASE 0 FREELISTS 1 FREELIST GROUPS 1
  BUFFER_POOL DEFAULT FLASH_CACHE DEFAULT CELL_FLASH_CACHE DEFAULT)
  TABLESPACE "USERS"  ENABLE;
--------------------------------------------------------
--  Constraints for Table PERSONROLE
--------------------------------------------------------

  ALTER TABLE "ROUTAUSER"."PERSONROLE" MODIFY ("PERSONID" NOT NULL ENABLE);
  ALTER TABLE "ROUTAUSER"."PERSONROLE" MODIFY ("ROLEID" NOT NULL ENABLE);
  ALTER TABLE "ROUTAUSER"."PERSONROLE" ADD CONSTRAINT "PERSONROLE_PK" PRIMARY KEY ("PERSONID", "ROLEID")
  USING INDEX PCTFREE 10 INITRANS 2 MAXTRANS 255 COMPUTE STATISTICS
  STORAGE(INITIAL 65536 NEXT 1048576 MINEXTENTS 1 MAXEXTENTS 2147483645
  PCTINCREASE 0 FREELISTS 1 FREELIST GROUPS 1
  BUFFER_POOL DEFAULT FLASH_CACHE DEFAULT CELL_FLASH_CACHE DEFAULT)
  TABLESPACE "USERS"  ENABLE;
--------------------------------------------------------
--  Constraints for Table POINTHISTORY
--------------------------------------------------------

  ALTER TABLE "ROUTAUSER"."POINTHISTORY" MODIFY ("POINTHISTORYID" NOT NULL ENABLE);
  ALTER TABLE "ROUTAUSER"."POINTHISTORY" ADD CONSTRAINT "POINTHISTORY_PK" PRIMARY KEY ("POINTHISTORYID")
  USING INDEX PCTFREE 10 INITRANS 2 MAXTRANS 255 COMPUTE STATISTICS
  TABLESPACE "USERS"  ENABLE;
--------------------------------------------------------
--  Constraints for Table PROBLEM
--------------------------------------------------------

  ALTER TABLE "ROUTAUSER"."PROBLEM" MODIFY ("PROBLEMID" NOT NULL ENABLE);
  ALTER TABLE "ROUTAUSER"."PROBLEM" ADD CONSTRAINT "PROBLEM_PK" PRIMARY KEY ("PROBLEMID")
  USING INDEX PCTFREE 10 INITRANS 2 MAXTRANS 255 COMPUTE STATISTICS
  TABLESPACE "USERS"  ENABLE;
--------------------------------------------------------
--  Constraints for Table PROBLEMGISMAN
--------------------------------------------------------

  ALTER TABLE "ROUTAUSER"."PROBLEMGISMAN" MODIFY ("PROBLEMGISMANID" NOT NULL ENABLE);
  ALTER TABLE "ROUTAUSER"."PROBLEMGISMAN" ADD CONSTRAINT "PROBLEMGISMAN_PK" PRIMARY KEY ("PROBLEMGISMANID")
  USING INDEX PCTFREE 10 INITRANS 2 MAXTRANS 255 COMPUTE STATISTICS
  TABLESPACE "USERS"  ENABLE;
--------------------------------------------------------
--  Constraints for Table REPORTOPERATOR
--------------------------------------------------------

  ALTER TABLE "ROUTAUSER"."REPORTOPERATOR" MODIFY ("REPORTOPERATORID" NOT NULL ENABLE);
  ALTER TABLE "ROUTAUSER"."REPORTOPERATOR" ADD CONSTRAINT "REPORTOPERATOR_PK" PRIMARY KEY ("REPORTOPERATORID")
  USING INDEX PCTFREE 10 INITRANS 2 MAXTRANS 255 COMPUTE STATISTICS
  TABLESPACE "USERS"  ENABLE;
--------------------------------------------------------
--  Constraints for Table ROLE
--------------------------------------------------------

  ALTER TABLE "ROUTAUSER"."ROLE" MODIFY ("ROLEID" NOT NULL ENABLE);
  ALTER TABLE "ROUTAUSER"."ROLE" ADD CONSTRAINT "ROLE_PK" PRIMARY KEY ("ROLEID")
  USING INDEX PCTFREE 10 INITRANS 2 MAXTRANS 255 COMPUTE STATISTICS
  STORAGE(INITIAL 65536 NEXT 1048576 MINEXTENTS 1 MAXEXTENTS 2147483645
  PCTINCREASE 0 FREELISTS 1 FREELIST GROUPS 1
  BUFFER_POOL DEFAULT FLASH_CACHE DEFAULT CELL_FLASH_CACHE DEFAULT)
  TABLESPACE "USERS"  ENABLE;
--------------------------------------------------------
--  Constraints for Table ROLEPERMISSION
--------------------------------------------------------

  ALTER TABLE "ROUTAUSER"."ROLEPERMISSION" MODIFY ("ROLEID" NOT NULL ENABLE);
  ALTER TABLE "ROUTAUSER"."ROLEPERMISSION" MODIFY ("PERMISSIONID" NOT NULL ENABLE);
  ALTER TABLE "ROUTAUSER"."ROLEPERMISSION" ADD CONSTRAINT "ROLEPERMISSION_PK" PRIMARY KEY ("ROLEID", "PERMISSIONID")
  USING INDEX PCTFREE 10 INITRANS 2 MAXTRANS 255 COMPUTE STATISTICS
  STORAGE(INITIAL 65536 NEXT 1048576 MINEXTENTS 1 MAXEXTENTS 2147483645
  PCTINCREASE 0 FREELISTS 1 FREELIST GROUPS 1
  BUFFER_POOL DEFAULT FLASH_CACHE DEFAULT CELL_FLASH_CACHE DEFAULT)
  TABLESPACE "USERS"  ENABLE;
--------------------------------------------------------
--  Constraints for Table SPECIALBOOKMARK
--------------------------------------------------------

  ALTER TABLE "ROUTAUSER"."SPECIALBOOKMARK" MODIFY ("SPECIALBOOKMARKID" NOT NULL ENABLE);
  ALTER TABLE "ROUTAUSER"."SPECIALBOOKMARK" ADD CONSTRAINT "SPECIALBOOKMARK_PK" PRIMARY KEY ("SPECIALBOOKMARKID")
  USING INDEX PCTFREE 10 INITRANS 2 MAXTRANS 255 COMPUTE STATISTICS
  TABLESPACE "USERS"  ENABLE;
--------------------------------------------------------
--  Constraints for Table TRIPHISTORY
--------------------------------------------------------

  ALTER TABLE "ROUTAUSER"."TRIPHISTORY" MODIFY ("TRIPHISTORYID" NOT NULL ENABLE);
  ALTER TABLE "ROUTAUSER"."TRIPHISTORY" ADD CONSTRAINT "TRIPHISTORY_PK" PRIMARY KEY ("TRIPHISTORYID")
  USING INDEX PCTFREE 10 INITRANS 2 MAXTRANS 255 COMPUTE STATISTICS
  TABLESPACE "USERS"  ENABLE;
--------------------------------------------------------
--  Constraints for Table TYPEANNOUNCEMENT
--------------------------------------------------------

  ALTER TABLE "ROUTAUSER"."TYPEANNOUNCEMENT" MODIFY ("TYPEANNOUNCEMENTID" NOT NULL ENABLE);
  ALTER TABLE "ROUTAUSER"."TYPEANNOUNCEMENT" ADD CONSTRAINT "TYPEANNOUNCEMENT_PK" PRIMARY KEY ("TYPEANNOUNCEMENTID")
  USING INDEX PCTFREE 10 INITRANS 2 MAXTRANS 255 COMPUTE STATISTICS
  TABLESPACE "USERS"  ENABLE;
--------------------------------------------------------
--  Constraints for Table TYPEANNOUNCEMENTSTATUS
--------------------------------------------------------

  ALTER TABLE "ROUTAUSER"."TYPEANNOUNCEMENTSTATUS" MODIFY ("TYPEANNOUNCEMENTSTATUSID" NOT NULL ENABLE);
  ALTER TABLE "ROUTAUSER"."TYPEANNOUNCEMENTSTATUS" ADD CONSTRAINT "TYPEANNOUNCMENTSTATUS_PK" PRIMARY KEY ("TYPEANNOUNCEMENTSTATUSID")
  USING INDEX PCTFREE 10 INITRANS 2 MAXTRANS 255 COMPUTE STATISTICS
  TABLESPACE "USERS"  ENABLE;
--------------------------------------------------------
--  Constraints for Table TYPEBOOKMARK
--------------------------------------------------------

  ALTER TABLE "ROUTAUSER"."TYPEBOOKMARK" MODIFY ("TYPEBOOKMARKID" NOT NULL ENABLE);
  ALTER TABLE "ROUTAUSER"."TYPEBOOKMARK" ADD CONSTRAINT "TYPEBOOKMARK_PK" PRIMARY KEY ("TYPEBOOKMARKID")
  USING INDEX PCTFREE 10 INITRANS 2 MAXTRANS 255 COMPUTE STATISTICS
  TABLESPACE "USERS"  ENABLE;
--------------------------------------------------------
--  Constraints for Table TYPECITY
--------------------------------------------------------

  ALTER TABLE "ROUTAUSER"."TYPECITY" MODIFY ("TYPECITYID" NOT NULL ENABLE);
  ALTER TABLE "ROUTAUSER"."TYPECITY" ADD CONSTRAINT "TYPECITY_PK" PRIMARY KEY ("TYPECITYID")
  USING INDEX PCTFREE 10 INITRANS 2 MAXTRANS 255 COMPUTE STATISTICS
  STORAGE(INITIAL 65536 NEXT 1048576 MINEXTENTS 1 MAXEXTENTS 2147483645
  PCTINCREASE 0 FREELISTS 1 FREELIST GROUPS 1
  BUFFER_POOL DEFAULT FLASH_CACHE DEFAULT CELL_FLASH_CACHE DEFAULT)
  TABLESPACE "USERS"  ENABLE;
--------------------------------------------------------
--  Constraints for Table TYPEFEEDBACKSTATUS
--------------------------------------------------------

  ALTER TABLE "ROUTAUSER"."TYPEFEEDBACKSTATUS" MODIFY ("TYPEFEEDBACKSTATUSID" NOT NULL ENABLE);
  ALTER TABLE "ROUTAUSER"."TYPEFEEDBACKSTATUS" ADD CONSTRAINT "TYPEREVIEWSTATUS_PK" PRIMARY KEY ("TYPEFEEDBACKSTATUSID")
  USING INDEX PCTFREE 10 INITRANS 2 MAXTRANS 255 COMPUTE STATISTICS
  TABLESPACE "USERS"  ENABLE;
--------------------------------------------------------
--  Constraints for Table TYPEPERSONREASON
--------------------------------------------------------

  ALTER TABLE "ROUTAUSER"."TYPEPERSONREASON" MODIFY ("TYPEPERSONREASONID" NOT NULL ENABLE);
  ALTER TABLE "ROUTAUSER"."TYPEPERSONREASON" ADD CONSTRAINT "TYPEPERSONREASON_PK" PRIMARY KEY ("TYPEPERSONREASONID")
  USING INDEX PCTFREE 10 INITRANS 2 MAXTRANS 255
  TABLESPACE "USERS"  ENABLE;
--------------------------------------------------------
--  Constraints for Table TYPEPROBLEM
--------------------------------------------------------

  ALTER TABLE "ROUTAUSER"."TYPEPROBLEM" MODIFY ("TYPEPROBLEMID" NOT NULL ENABLE);
  ALTER TABLE "ROUTAUSER"."TYPEPROBLEM" ADD CONSTRAINT "TYPEPROBLEM_PK" PRIMARY KEY ("TYPEPROBLEMID")
  USING INDEX PCTFREE 10 INITRANS 2 MAXTRANS 255 COMPUTE STATISTICS
  TABLESPACE "USERS"  ENABLE;
--------------------------------------------------------
--  Constraints for Table TYPEPROBLEMSTATUS
--------------------------------------------------------

  ALTER TABLE "ROUTAUSER"."TYPEPROBLEMSTATUS" MODIFY ("TYPEPROBLEMSTATUSID" NOT NULL ENABLE);
  ALTER TABLE "ROUTAUSER"."TYPEPROBLEMSTATUS" ADD CONSTRAINT "TYPEPROBLEMSTATUS_PK" PRIMARY KEY ("TYPEPROBLEMSTATUSID")
  USING INDEX PCTFREE 10 INITRANS 2 MAXTRANS 255 COMPUTE STATISTICS
  TABLESPACE "USERS"  ENABLE;
--------------------------------------------------------
--  Constraints for Table TYPEPROVINCE
--------------------------------------------------------

  ALTER TABLE "ROUTAUSER"."TYPEPROVINCE" MODIFY ("TYPEPROVINCEID" NOT NULL ENABLE);
  ALTER TABLE "ROUTAUSER"."TYPEPROVINCE" ADD CONSTRAINT "TYPEPROVINCE_PK" PRIMARY KEY ("TYPEPROVINCEID")
  USING INDEX PCTFREE 10 INITRANS 2 MAXTRANS 255 COMPUTE STATISTICS
  STORAGE(INITIAL 65536 NEXT 1048576 MINEXTENTS 1 MAXEXTENTS 2147483645
  PCTINCREASE 0 FREELISTS 1 FREELIST GROUPS 1
  BUFFER_POOL DEFAULT FLASH_CACHE DEFAULT CELL_FLASH_CACHE DEFAULT)
  TABLESPACE "USERS"  ENABLE;
--------------------------------------------------------
--  Constraints for Table TYPESCORE
--------------------------------------------------------

  ALTER TABLE "ROUTAUSER"."TYPESCORE" MODIFY ("TYPESCOREID" NOT NULL ENABLE);
  ALTER TABLE "ROUTAUSER"."TYPESCORE" ADD CONSTRAINT "TYPEPOINT_PK" PRIMARY KEY ("TYPESCOREID")
  USING INDEX PCTFREE 10 INITRANS 2 MAXTRANS 255 COMPUTE STATISTICS
  TABLESPACE "USERS"  ENABLE;
--------------------------------------------------------
--  Ref Constraints for Table ANNOUNCEMENT
--------------------------------------------------------

  ALTER TABLE "ROUTAUSER"."ANNOUNCEMENT" ADD CONSTRAINT "ANNOUNCEMENT_FK1" FOREIGN KEY ("TYPEANNOUNCEMENTID")
	  REFERENCES "ROUTAUSER"."TYPEANNOUNCEMENT" ("TYPEANNOUNCEMENTID") ON DELETE SET NULL ENABLE;
  ALTER TABLE "ROUTAUSER"."ANNOUNCEMENT" ADD CONSTRAINT "ANNOUNCEMENT_FK2" FOREIGN KEY ("ANNOUNCEMENTID")
	  REFERENCES "ROUTAUSER"."TYPEANNOUNCEMENTSTATUS" ("TYPEANNOUNCEMENTSTATUSID") ON DELETE SET NULL ENABLE;
  ALTER TABLE "ROUTAUSER"."ANNOUNCEMENT" ADD CONSTRAINT "REPORT_FK3" FOREIGN KEY ("CUSTOMERID")
	  REFERENCES "ROUTAUSER"."CUSTOMER" ("CUSTOMERID") ON DELETE SET NULL ENABLE;
--------------------------------------------------------
--  Ref Constraints for Table BOOKMARK
--------------------------------------------------------

  ALTER TABLE "ROUTAUSER"."BOOKMARK" ADD CONSTRAINT "BOOKMARK_FK1" FOREIGN KEY ("CUSTOMERID")
	  REFERENCES "ROUTAUSER"."CUSTOMER" ("CUSTOMERID") ENABLE;
  ALTER TABLE "ROUTAUSER"."BOOKMARK" ADD CONSTRAINT "BOOKMARK_FK2" FOREIGN KEY ("TYPEBOOKMARKID")
	  REFERENCES "ROUTAUSER"."TYPEBOOKMARK" ("TYPEBOOKMARKID") ON DELETE SET NULL ENABLE;
--------------------------------------------------------
--  Ref Constraints for Table CUSTOMER
--------------------------------------------------------

  ALTER TABLE "ROUTAUSER"."CUSTOMER" ADD CONSTRAINT "CUSTOMER_PERSON_FK1" FOREIGN KEY ("CUSTOMERID")
	  REFERENCES "ROUTAUSER"."PERSON" ("PERSONID") ON DELETE SET NULL ENABLE;
--------------------------------------------------------
--  Ref Constraints for Table FEEDBACK
--------------------------------------------------------

  ALTER TABLE "ROUTAUSER"."FEEDBACK" ADD CONSTRAINT "REVIEW_FK1" FOREIGN KEY ("GEOPLACEID")
	  REFERENCES "ROUTAUSER"."GEOPLACE" ("GEOPLACEID") ENABLE;
  ALTER TABLE "ROUTAUSER"."FEEDBACK" ADD CONSTRAINT "REVIEW_FK2" FOREIGN KEY ("CUSTOMERID")
	  REFERENCES "ROUTAUSER"."CUSTOMER" ("CUSTOMERID") ENABLE;
  ALTER TABLE "ROUTAUSER"."FEEDBACK" ADD CONSTRAINT "REVIEW_FK3" FOREIGN KEY ("TYPEFEEDBACKSTATUSID")
	  REFERENCES "ROUTAUSER"."TYPEFEEDBACKSTATUS" ("TYPEFEEDBACKSTATUSID") ENABLE;
--------------------------------------------------------
--  Ref Constraints for Table GISMAN
--------------------------------------------------------

  ALTER TABLE "ROUTAUSER"."GISMAN" ADD CONSTRAINT "GISMAN_FK1" FOREIGN KEY ("GISMANID")
	  REFERENCES "ROUTAUSER"."PERSON" ("PERSONID") ON DELETE SET NULL ENABLE;
--------------------------------------------------------
--  Ref Constraints for Table HIS_PERSONINFO
--------------------------------------------------------

  ALTER TABLE "ROUTAUSER"."HIS_PERSONINFO" ADD CONSTRAINT "HIS_PERSONINFO_OPERATOR_FK1" FOREIGN KEY ("OPERATORID")
	  REFERENCES "ROUTAUSER"."OPERATOR" ("OPERATORID") ON DELETE SET NULL ENABLE;
  ALTER TABLE "ROUTAUSER"."HIS_PERSONINFO" ADD CONSTRAINT "HIS_PERSONINFO_PERSON_FK1" FOREIGN KEY ("PERSONID")
	  REFERENCES "ROUTAUSER"."PERSON" ("PERSONID") ON DELETE SET NULL ENABLE;
  ALTER TABLE "ROUTAUSER"."HIS_PERSONINFO" ADD CONSTRAINT "HIS_PERSONINFO_TYPECITY_FK1" FOREIGN KEY ("TYPECITYID")
	  REFERENCES "ROUTAUSER"."TYPECITY" ("TYPECITYID") ON DELETE SET NULL ENABLE;
--------------------------------------------------------
--  Ref Constraints for Table HIS_PERSONSTATE
--------------------------------------------------------

  ALTER TABLE "ROUTAUSER"."HIS_PERSONSTATE" ADD CONSTRAINT "HIS_PERSONSTATE_OPERATOR_FK1" FOREIGN KEY ("OPERATORID")
	  REFERENCES "ROUTAUSER"."OPERATOR" ("OPERATORID") ON DELETE SET NULL ENABLE;
  ALTER TABLE "ROUTAUSER"."HIS_PERSONSTATE" ADD CONSTRAINT "HIS_PERSONSTATE_PERSON_FK1" FOREIGN KEY ("PERSONID")
	  REFERENCES "ROUTAUSER"."PERSON" ("PERSONID") ON DELETE SET NULL ENABLE;
  ALTER TABLE "ROUTAUSER"."HIS_PERSONSTATE" ADD CONSTRAINT "HIS_PERSONSTATE_TYPEPERSO_FK1" FOREIGN KEY ("TYPEPERSONREASONID")
	  REFERENCES "ROUTAUSER"."TYPEPERSONREASON" ("TYPEPERSONREASONID") ON DELETE SET NULL ENABLE;
--------------------------------------------------------
--  Ref Constraints for Table OFFER
--------------------------------------------------------

  ALTER TABLE "ROUTAUSER"."OFFER" ADD CONSTRAINT "OFFER_FK1" FOREIGN KEY ("GEOPLACEID")
	  REFERENCES "ROUTAUSER"."GEOPLACE" ("GEOPLACEID") ON DELETE SET NULL ENABLE;
--------------------------------------------------------
--  Ref Constraints for Table OPERATOR
--------------------------------------------------------

  ALTER TABLE "ROUTAUSER"."OPERATOR" ADD CONSTRAINT "OPERATOR_PERSON_FK1" FOREIGN KEY ("OPERATORID")
	  REFERENCES "ROUTAUSER"."PERSON" ("PERSONID") ON DELETE SET NULL ENABLE;
--------------------------------------------------------
--  Ref Constraints for Table OPERATORFEEDBACK
--------------------------------------------------------

  ALTER TABLE "ROUTAUSER"."OPERATORFEEDBACK" ADD CONSTRAINT "OPERATORREVIEW_FK1" FOREIGN KEY ("OPERATORID")
	  REFERENCES "ROUTAUSER"."OPERATOR" ("OPERATORID") ON DELETE SET NULL ENABLE;
  ALTER TABLE "ROUTAUSER"."OPERATORFEEDBACK" ADD CONSTRAINT "OPERATORREVIEW_FK2" FOREIGN KEY ("FEEDBACKID")
	  REFERENCES "ROUTAUSER"."FEEDBACK" ("FEEDBACKID") ON DELETE SET NULL ENABLE;
  ALTER TABLE "ROUTAUSER"."OPERATORFEEDBACK" ADD CONSTRAINT "OPERATORREVIEW_FK3" FOREIGN KEY ("TYPEFEEDBACKSTATUSID")
	  REFERENCES "ROUTAUSER"."TYPEFEEDBACKSTATUS" ("TYPEFEEDBACKSTATUSID") ON DELETE SET NULL ENABLE;
--------------------------------------------------------
--  Ref Constraints for Table PERSON
--------------------------------------------------------

  ALTER TABLE "ROUTAUSER"."PERSON" ADD CONSTRAINT "PERSON_TYPECITY_FK1" FOREIGN KEY ("TYPECITYID")
	  REFERENCES "ROUTAUSER"."TYPECITY" ("TYPECITYID") ON DELETE SET NULL ENABLE;
--------------------------------------------------------
--  Ref Constraints for Table PERSONROLE
--------------------------------------------------------

  ALTER TABLE "ROUTAUSER"."PERSONROLE" ADD CONSTRAINT "PERSONROLE_PERSON_FK1" FOREIGN KEY ("PERSONID")
	  REFERENCES "ROUTAUSER"."PERSON" ("PERSONID") ON DELETE SET NULL ENABLE;
  ALTER TABLE "ROUTAUSER"."PERSONROLE" ADD CONSTRAINT "PERSONROLE_ROLE_FK1" FOREIGN KEY ("ROLEID")
	  REFERENCES "ROUTAUSER"."ROLE" ("ROLEID") ON DELETE SET NULL ENABLE;
--------------------------------------------------------
--  Ref Constraints for Table POINTHISTORY
--------------------------------------------------------

  ALTER TABLE "ROUTAUSER"."POINTHISTORY" ADD CONSTRAINT "POINTHISTORY_FK1" FOREIGN KEY ("CUSTOMERID")
	  REFERENCES "ROUTAUSER"."CUSTOMER" ("CUSTOMERID") ON DELETE SET NULL ENABLE;
  ALTER TABLE "ROUTAUSER"."POINTHISTORY" ADD CONSTRAINT "POINTHISTORY_FK2" FOREIGN KEY ("TYPEPOINTID")
	  REFERENCES "ROUTAUSER"."TYPESCORE" ("TYPESCOREID") ON DELETE SET NULL ENABLE;
--------------------------------------------------------
--  Ref Constraints for Table PROBLEM
--------------------------------------------------------

  ALTER TABLE "ROUTAUSER"."PROBLEM" ADD CONSTRAINT "PROBLEM_FK1" FOREIGN KEY ("TYPEPROBLEMID")
	  REFERENCES "ROUTAUSER"."TYPEPROBLEM" ("TYPEPROBLEMID") ENABLE;
  ALTER TABLE "ROUTAUSER"."PROBLEM" ADD CONSTRAINT "PROBLEM_FK2" FOREIGN KEY ("TYPEPROBLEMSTATUSID")
	  REFERENCES "ROUTAUSER"."TYPEPROBLEMSTATUS" ("TYPEPROBLEMSTATUSID") ENABLE;
--------------------------------------------------------
--  Ref Constraints for Table PROBLEMGISMAN
--------------------------------------------------------

  ALTER TABLE "ROUTAUSER"."PROBLEMGISMAN" ADD CONSTRAINT "PROBLEMGISMAN_FK1" FOREIGN KEY ("PROBLEMID")
	  REFERENCES "ROUTAUSER"."PROBLEM" ("PROBLEMID") ON DELETE SET NULL ENABLE;
  ALTER TABLE "ROUTAUSER"."PROBLEMGISMAN" ADD CONSTRAINT "PROBLEMGISMAN_FK2" FOREIGN KEY ("GISMANID")
	  REFERENCES "ROUTAUSER"."GISMAN" ("GISMANID") ON DELETE SET NULL ENABLE;
  ALTER TABLE "ROUTAUSER"."PROBLEMGISMAN" ADD CONSTRAINT "PROBLEMGISMAN_FK3" FOREIGN KEY ("TYPEPROBLEMSTATUSID")
	  REFERENCES "ROUTAUSER"."TYPEPROBLEMSTATUS" ("TYPEPROBLEMSTATUSID") ON DELETE SET NULL ENABLE;
--------------------------------------------------------
--  Ref Constraints for Table REPORTOPERATOR
--------------------------------------------------------

  ALTER TABLE "ROUTAUSER"."REPORTOPERATOR" ADD CONSTRAINT "REPORTOPERATOR_FK1" FOREIGN KEY ("OPERATORID")
	  REFERENCES "ROUTAUSER"."OPERATOR" ("OPERATORID") ON DELETE SET NULL ENABLE;
  ALTER TABLE "ROUTAUSER"."REPORTOPERATOR" ADD CONSTRAINT "REPORTOPERATOR_FK2" FOREIGN KEY ("REPORTID")
	  REFERENCES "ROUTAUSER"."ANNOUNCEMENT" ("ANNOUNCEMENTID") ON DELETE SET NULL ENABLE;
--------------------------------------------------------
--  Ref Constraints for Table ROLEPERMISSION
--------------------------------------------------------

  ALTER TABLE "ROUTAUSER"."ROLEPERMISSION" ADD CONSTRAINT "ROLEPERMISSION_PERMISSION_FK1" FOREIGN KEY ("PERMISSIONID")
	  REFERENCES "ROUTAUSER"."PERMISSION" ("PERMISSIONID") ON DELETE SET NULL ENABLE;
  ALTER TABLE "ROUTAUSER"."ROLEPERMISSION" ADD CONSTRAINT "ROLEPERMISSION_ROLE_FK1" FOREIGN KEY ("ROLEID")
	  REFERENCES "ROUTAUSER"."ROLE" ("ROLEID") ON DELETE SET NULL ENABLE;
--------------------------------------------------------
--  Ref Constraints for Table SPECIALBOOKMARK
--------------------------------------------------------

  ALTER TABLE "ROUTAUSER"."SPECIALBOOKMARK" ADD CONSTRAINT "SPECIALBOOKMARK_FK1" FOREIGN KEY ("TYPEBOOKMARKID")
	  REFERENCES "ROUTAUSER"."TYPEBOOKMARK" ("TYPEBOOKMARKID") ON DELETE SET NULL ENABLE;
  ALTER TABLE "ROUTAUSER"."SPECIALBOOKMARK" ADD CONSTRAINT "SPECIALBOOKMARK_FK2" FOREIGN KEY ("CUSTOMERID")
	  REFERENCES "ROUTAUSER"."CUSTOMER" ("CUSTOMERID") ON DELETE SET NULL ENABLE;
--------------------------------------------------------
--  DDL for Procedure DATABASE_CLEANSE
--------------------------------------------------------
set define off;

  CREATE OR REPLACE EDITIONABLE PROCEDURE "ROUTAUSER"."DATABASE_CLEANSE" AS
BEGIN
  delete from his_personinfo;
  delete from his_personstate;

  delete from customer;
  delete from operator;

  delete from rolepermission;
  delete from personrole;
  delete from permission;
  delete from role;
  delete from person;

  delete from typecity;
  delete from typeprovince;

END DATABASE_CLEANSE;

/
--------------------------------------------------------
--  DDL for Procedure DATABASE_CLEANSE_PERMISSION
--------------------------------------------------------
set define off;

  CREATE OR REPLACE EDITIONABLE PROCEDURE "ROUTAUSER"."DATABASE_CLEANSE_PERMISSION" AS
BEGIN
  delete from rolepermission;
  delete from personrole;
  delete from role;
  delete from permission;

  Insert into role (roleid,category,name,title,manageview) values (1,'ADM_OWN','ADMIN_OWNER','Ù…Ø¯ÛŒØ± Ø§ØµÙ„ÛŒ',1);
  Insert into role (roleid,category,name,title,manageview) values (2,'ADM_CMP','ADMIN_COMPANY','Ù…Ø¯ÛŒØ± Ø¨Ø§Ø±Ø¨Ø±ÛŒ',1);
  Insert into role (roleid,category,name,title,manageview) values (6,'CUS','CUSTOMER','Ù…Ø´ØªØ±ÛŒ',0);

  Insert into role (roleid,category,name,title,manageview) values (11,'OPR_OWN','OPERATOR_OWNER_L1','Ø§Ù¾Ø±Ø§ØªÙˆØ± Ø§ØµÙ„ÛŒ Ø³Ø·Ø­ ÛŒÚ©',1);
  Insert into role (roleid,category,name,title,manageview) values (12,'OPR_OWN','OPERATOR_OWNER_L2','Ø§Ù¾Ø±Ø§ØªÙˆØ± Ø§ØµÙ„ÛŒ Ø³Ø·Ø­ Ø¯Ùˆ',1);
  Insert into role (roleid,category,name,title,manageview) values (13,'OPR_OWN','OPERATOR_OWNER_L3','Ø§Ù¾Ø±Ø§ØªÙˆØ± Ø§ØµÙ„ÛŒ Ø³Ø·Ø­ Ø³Ù‡',1);

  Insert into role (roleid,category,name,title,manageview) values (21,'OPR_CMP','OPERATOR_COMPANY_L1','Ø§Ù¾Ø±Ø§ØªÙˆØ± Ø¨Ø§Ø±Ø¨Ø±ÛŒ Ø³Ø·Ø­ ÛŒÚ©',1);
  Insert into role (roleid,category,name,title,manageview) values (22,'OPR_CMP','OPERATOR_COMPANY_L2','Ø§Ù¾Ø±Ø§ØªÙˆØ± Ø¨Ø§Ø±Ø¨Ø±ÛŒ Ø³Ø·Ø­ Ø¯Ùˆ',1);
  Insert into role (roleid,category,name,title,manageview) values (23,'OPR_CMP','OPERATOR_COMPANY_L3','Ø§Ù¾Ø±Ø§ØªÙˆØ± Ø¨Ø§Ø±Ø¨Ø±ÛŒ Ø³Ø·Ø¬ Ø³Ù‡',1);
  Insert into role (roleid,category,name,title,manageview) values (31,'DRV_CMP','DRIVER_COMPANY_L1','Ø±Ø§Ù†Ù†Ø¯Ù‡ Ø¨Ø§Ø±Ø¨Ø±ÛŒ Ø³Ø·Ø¬ ÛŒÚ©',0);
  Insert into role (roleid,category,name,title,manageview) values (32,'DRV_CMP','DRIVER_COMPANY_L2','Ø±Ø§Ù†Ù†Ø¯Ù‡ Ø¨Ø§Ø±Ø¨Ø±ÛŒ Ø³Ø·Ø­ Ø¯Ùˆ',0);
  Insert into role (roleid,category,name,title,manageview) values (33,'DRV_CMP','DRIVER_COMPANY_L3','Ø±Ø§Ù†Ù†Ø¯Ù‡ Ø¨Ø§Ø±Ø¨Ø±ÛŒ Ø³Ø·Ø­ Ø³Ù‡',0);
  Insert into role (roleid,category,name,title,manageview) values (41,'LAB_CMP','LABORER_COMPANY_L1','Ú©Ø§Ø±Ú¯Ø± Ø¨Ø§Ø±Ø¨Ø±ÛŒ Ø³Ø·Ø­ ÛŒÚ©',0);
  Insert into role (roleid,category,name,title,manageview) values (42,'LAB_CMP','LABORER_COMPANY_L2','Ú©Ø§Ø±Ú¯Ø± Ø¨Ø§Ø±Ø¨Ø±ÛŒ Ø³Ø·Ø­ Ø¯Ùˆ',0);
  Insert into role (roleid,category,name,title,manageview) values (43,'LAB_CMP','LABORER_COMPANY_L3','Ú©Ø§Ø±Ú¯Ø± Ø¨Ø§Ø±Ø¨Ø±ÛŒ Ø³Ø·Ø­ Ø³Ù‡',0);

  Insert into permission (permissionid,name,url) values (1000,'DATABASEMANAGE','/rest/database/manage/**');

  Insert into permission (permissionid,name,url) values (2000,'AUTHMANAGE','/rest/auth/manage/**');

  Insert into permission (permissionid,name,url) values (3000,'USERMANAGE','/rest/user/manage/**');
  Insert into permission (permissionid,name,url) values (3100,'USERPROFILE','/rest/user/profile/**');
  Insert into permission (permissionid,name,url) values (3200,'USERFINANCIAL','/rest/user/financial/**');

  Insert into permission (permissionid,name,url) values (4000,'COMPANYMANAGE','/rest/company/manage/**');
  Insert into permission (permissionid,name,url) values (4100,'COMPANYPROFILE','/rest/company/profile/**');
  Insert into permission (permissionid,name,url) values (4200,'COMPANYFINANCIAL','/rest/company/financial/**');

  Insert into permission (permissionid,name,url) values (5010,'SHIPMENTMANAGECOMPANY','/rest/shipment/manage/company/**');
  Insert into permission (permissionid,name,url) values (5020,'SHIPMENTMANAGECUSTOMER','/rest/shipment/manage/customer/**');
  Insert into permission (permissionid,name,url) values (5030,'SHIPMENTMANAGEDRIVER','/rest/shipment/manage/driver/**');
  Insert into permission (permissionid,name,url) values (5040,'SHIPMENTMANAGELABORER','/rest/shipment/manage/laborer/**');

  Insert into permission (permissionid,name,url) values (5100,'SHIPMENTCOMPANY','/rest/shipment/company/**');
  Insert into permission (permissionid,name,url) values (5200,'SHIPMENTCUSTOMER','/rest/shipment/customer/**');
  Insert into permission (permissionid,name,url) values (5300,'SHIPMENTDRIVER','/rest/shipment/driver/**');
  Insert into permission (permissionid,name,url) values (5400,'SHIPMENTLABORER','/rest/shipment/laborer/**');

  Insert into rolepermission (roleid,permissionid) values (1,1000);
  Insert into rolepermission (roleid,permissionid) values (1,2000);
  Insert into rolepermission (roleid,permissionid) values (1,3000);
  Insert into rolepermission (roleid,permissionid) values (1,3100);
  Insert into rolepermission (roleid,permissionid) values (1,3200);
  Insert into rolepermission (roleid,permissionid) values (1,4000);
  Insert into rolepermission (roleid,permissionid) values (1,5010);
  Insert into rolepermission (roleid,permissionid) values (1,5020);
  Insert into rolepermission (roleid,permissionid) values (1,5030);
  Insert into rolepermission (roleid,permissionid) values (1,5040);

  Insert into rolepermission (roleid,permissionid) values (2,3000);
  Insert into rolepermission (roleid,permissionid) values (2,3100);
  Insert into rolepermission (roleid,permissionid) values (2,3200);
  Insert into rolepermission (roleid,permissionid) values (2,4100);
  Insert into rolepermission (roleid,permissionid) values (2,4200);
  Insert into rolepermission (roleid,permissionid) values (2,5020);
  Insert into rolepermission (roleid,permissionid) values (2,5030);
  Insert into rolepermission (roleid,permissionid) values (2,5040);
  Insert into rolepermission (roleid,permissionid) values (2,5100);

  Insert into rolepermission (roleid,permissionid) values (6,3100);
  Insert into rolepermission (roleid,permissionid) values (6,3200);
  Insert into rolepermission (roleid,permissionid) values (6,5200);

  Insert into rolepermission (roleid,permissionid) values (11,2000);
  Insert into rolepermission (roleid,permissionid) values (11,3000);
  Insert into rolepermission (roleid,permissionid) values (11,3100);
  Insert into rolepermission (roleid,permissionid) values (11,3200);
  Insert into rolepermission (roleid,permissionid) values (11,4000);
  Insert into rolepermission (roleid,permissionid) values (11,5010);
  Insert into rolepermission (roleid,permissionid) values (11,5020);
  Insert into rolepermission (roleid,permissionid) values (11,5030);
  Insert into rolepermission (roleid,permissionid) values (11,5040);

  Insert into rolepermission (roleid,permissionid) values (12,2000);
  Insert into rolepermission (roleid,permissionid) values (12,3000);
  Insert into rolepermission (roleid,permissionid) values (12,3100);
  Insert into rolepermission (roleid,permissionid) values (12,3200);
  Insert into rolepermission (roleid,permissionid) values (12,4000);
  Insert into rolepermission (roleid,permissionid) values (12,5010);
  Insert into rolepermission (roleid,permissionid) values (12,5020);
  Insert into rolepermission (roleid,permissionid) values (12,5030);
  Insert into rolepermission (roleid,permissionid) values (12,5040);

  Insert into rolepermission (roleid,permissionid) values (13,2000);
  Insert into rolepermission (roleid,permissionid) values (13,3000);
  Insert into rolepermission (roleid,permissionid) values (13,3100);
  Insert into rolepermission (roleid,permissionid) values (13,3200);
  Insert into rolepermission (roleid,permissionid) values (13,4000);
  Insert into rolepermission (roleid,permissionid) values (13,5010);
  Insert into rolepermission (roleid,permissionid) values (13,5020);
  Insert into rolepermission (roleid,permissionid) values (13,5030);
  Insert into rolepermission (roleid,permissionid) values (13,5040);

  Insert into rolepermission (roleid,permissionid) values (21,3000);
  Insert into rolepermission (roleid,permissionid) values (21,3100);
  Insert into rolepermission (roleid,permissionid) values (21,3200);
  Insert into rolepermission (roleid,permissionid) values (21,4100);
  Insert into rolepermission (roleid,permissionid) values (21,4200);
  Insert into rolepermission (roleid,permissionid) values (21,5020);
  Insert into rolepermission (roleid,permissionid) values (21,5030);
  Insert into rolepermission (roleid,permissionid) values (21,5040);
  Insert into rolepermission (roleid,permissionid) values (21,5100);

  Insert into rolepermission (roleid,permissionid) values (22,3000);
  Insert into rolepermission (roleid,permissionid) values (22,3100);
  Insert into rolepermission (roleid,permissionid) values (22,3200);
  Insert into rolepermission (roleid,permissionid) values (22,4100);
  Insert into rolepermission (roleid,permissionid) values (22,4200);
  Insert into rolepermission (roleid,permissionid) values (22,5020);
  Insert into rolepermission (roleid,permissionid) values (22,5030);
  Insert into rolepermission (roleid,permissionid) values (22,5040);
  Insert into rolepermission (roleid,permissionid) values (22,5100);

  Insert into rolepermission (roleid,permissionid) values (23,3000);
  Insert into rolepermission (roleid,permissionid) values (23,3100);
  Insert into rolepermission (roleid,permissionid) values (23,3200);
  Insert into rolepermission (roleid,permissionid) values (23,4100);
  Insert into rolepermission (roleid,permissionid) values (23,4200);
  Insert into rolepermission (roleid,permissionid) values (23,5020);
  Insert into rolepermission (roleid,permissionid) values (23,5030);
  Insert into rolepermission (roleid,permissionid) values (23,5040);
  Insert into rolepermission (roleid,permissionid) values (23,5100);

  Insert into rolepermission (roleid,permissionid) values (31,3100);
  Insert into rolepermission (roleid,permissionid) values (31,3200);
  Insert into rolepermission (roleid,permissionid) values (31,5300);

  Insert into rolepermission (roleid,permissionid) values (32,3100);
  Insert into rolepermission (roleid,permissionid) values (32,3200);
  Insert into rolepermission (roleid,permissionid) values (32,5300);

  Insert into rolepermission (roleid,permissionid) values (33,3100);
  Insert into rolepermission (roleid,permissionid) values (33,3200);
  Insert into rolepermission (roleid,permissionid) values (33,5300);

  Insert into rolepermission (roleid,permissionid) values (41,3100);
  Insert into rolepermission (roleid,permissionid) values (41,3200);
  Insert into rolepermission (roleid,permissionid) values (41,5400);

  Insert into rolepermission (roleid,permissionid) values (42,3100);
  Insert into rolepermission (roleid,permissionid) values (42,3200);
  Insert into rolepermission (roleid,permissionid) values (42,5400);

  Insert into rolepermission (roleid,permissionid) values (43,3100);
  Insert into rolepermission (roleid,permissionid) values (43,3200);
  Insert into rolepermission (roleid,permissionid) values (43,5400);

END DATABASE_CLEANSE_PERMISSION;

/
--------------------------------------------------------
--  DDL for Procedure DATABASE_DEFAULT
--------------------------------------------------------
set define off;

  CREATE OR REPLACE EDITIONABLE PROCEDURE "ROUTAUSER"."DATABASE_DEFAULT" AS
BEGIN

  Insert into typeprovince (typeprovinceid,name,latitude,longitude) values (1,'Ø§Ø±Ø¯Ø¨ÛŒÙ„',null,null);
  Insert into typeprovince (typeprovinceid,name,latitude,longitude) values (2,'Ø§ØµÙ�Ù‡Ø§Ù†',null,null);
  Insert into typeprovince (typeprovinceid,name,latitude,longitude) values (3,'Ø§Ù„Ø¨Ø±Ø²',null,null);
  Insert into typeprovince (typeprovinceid,name,latitude,longitude) values (4,'Ø§ÛŒÙ„Ø§Ù…',null,null);
  Insert into typeprovince (typeprovinceid,name,latitude,longitude) values (5,'Ø¢Ø°Ø±Ø¨Ø§ÛŒØ¬Ø§Ù† Ø´Ø±Ù‚ÛŒ',null,null);
  Insert into typeprovince (typeprovinceid,name,latitude,longitude) values (6,'Ø¢Ø°Ø±Ø¨Ø§ÛŒØ¬Ø§Ù† ØºØ±Ø¨ÛŒ',null,null);
  Insert into typeprovince (typeprovinceid,name,latitude,longitude) values (7,'Ø¨ÙˆØ´Ù‡Ø±',null,null);
  Insert into typeprovince (typeprovinceid,name,latitude,longitude) values (8,'ØªÙ‡Ø±Ø§Ù†',null,null);
  Insert into typeprovince (typeprovinceid,name,latitude,longitude) values (9,'Ú†Ù‡Ø§Ø±Ù…Ø­Ø§Ù„ ÙˆØ¨Ø®ØªÛŒØ§Ø±ÛŒ',null,null);
  Insert into typeprovince (typeprovinceid,name,latitude,longitude) values (10,'Ø®Ø±Ø§Ø³Ø§Ù† Ø¬Ù†ÙˆØ¨ÛŒ',null,null);
  Insert into typeprovince (typeprovinceid,name,latitude,longitude) values (11,'Ø®Ø±Ø§Ø³Ø§Ù† Ø±Ø¶ÙˆÛŒ',null,null);
  Insert into typeprovince (typeprovinceid,name,latitude,longitude) values (12,'Ø®Ø±Ø§Ø³Ø§Ù† Ø´Ù…Ø§Ù„ÛŒ',null,null);
  Insert into typeprovince (typeprovinceid,name,latitude,longitude) values (13,'Ø®ÙˆØ²Ø³ØªØ§Ù†',null,null);
  Insert into typeprovince (typeprovinceid,name,latitude,longitude) values (14,'Ø²Ù†Ø¬Ø§Ù†',null,null);
  Insert into typeprovince (typeprovinceid,name,latitude,longitude) values (15,'Ø³Ù…Ù†Ø§Ù†',null,null);
  Insert into typeprovince (typeprovinceid,name,latitude,longitude) values (16,'Ø³ÛŒØ³ØªØ§Ù† ÙˆØ¨Ù„ÙˆÚ†Ø³ØªØ§Ù†',null,null);
  Insert into typeprovince (typeprovinceid,name,latitude,longitude) values (17,'Ù�Ø§Ø±Ø³',null,null);
  Insert into typeprovince (typeprovinceid,name,latitude,longitude) values (18,'Ù‚Ø²ÙˆÛŒÙ†',null,null);
  Insert into typeprovince (typeprovinceid,name,latitude,longitude) values (19,'Ù‚Ù…',null,null);
  Insert into typeprovince (typeprovinceid,name,latitude,longitude) values (20,'Ú©Ø±Ø¯Ø³ØªØ§Ù†',null,null);
  Insert into typeprovince (typeprovinceid,name,latitude,longitude) values (21,'Ú©Ø±Ù…Ø§Ù†',null,null);
  Insert into typeprovince (typeprovinceid,name,latitude,longitude) values (22,'Ú©Ø±Ù…Ø§Ù†Ø´Ø§Ù‡',null,null);
  Insert into typeprovince (typeprovinceid,name,latitude,longitude) values (23,'Ú©Ù‡Ú¯ÛŒÙ„ÙˆÛŒÙ‡ ÙˆØ¨ÙˆÛŒØ±Ø§Ø­Ù…Ø¯',null,null);
  Insert into typeprovince (typeprovinceid,name,latitude,longitude) values (24,'Ú¯Ù„Ø³ØªØ§Ù†',null,null);
  Insert into typeprovince (typeprovinceid,name,latitude,longitude) values (25,'Ú¯ÛŒÙ„Ø§Ù†',null,null);
  Insert into typeprovince (typeprovinceid,name,latitude,longitude) values (26,'Ù„Ø±Ø³ØªØ§Ù†',null,null);
  Insert into typeprovince (typeprovinceid,name,latitude,longitude) values (27,'Ù…Ø§Ø²Ù†Ø¯Ø±Ø§Ù†',null,null);
  Insert into typeprovince (typeprovinceid,name,latitude,longitude) values (28,'Ù…Ø±Ú©Ø²ÛŒ',null,null);
  Insert into typeprovince (typeprovinceid,name,latitude,longitude) values (29,'Ù‡Ø±Ù…Ø²Ú¯Ø§Ù†',null,null);
  Insert into typeprovince (typeprovinceid,name,latitude,longitude) values (30,'Ù‡Ù…Ø¯Ø§Ù†',null,null);
  Insert into typeprovince (typeprovinceid,name,latitude,longitude) values (31,'ÛŒØ²Ø¯',null,null);

  Insert into typecity (typecityid,typeprovinceid,name,latitude,longitude) values (1,1,'Ø§Ø±Ø¯Ø¨ÛŒÙ„',38.2497444152832,48.2942848205566);
  Insert into typecity (typecityid,typeprovinceid,name,latitude,longitude) values (2,1,'Ø§ØµÙ„Ø§Ù†Ø¯ÙˆØ²',39.4426040649414,47.4100227355957);
  Insert into typecity (typecityid,typeprovinceid,name,latitude,longitude) values (3,1,'Ø¢Ø¨ÛŒ Ø¨ÛŒÚ¯Ù„Ùˆ',38.2848968505859,48.5525054931641);
  Insert into typecity (typecityid,typeprovinceid,name,latitude,longitude) values (4,1,'Ø¨ÛŒÙ„Ù‡ Ø³ÙˆØ§Ø±',39.3760795593262,48.3427085876465);
  Insert into typecity (typecityid,typeprovinceid,name,latitude,longitude) values (5,1,'Ù¾Ø§Ø±Ø³ Ø¢Ø¨Ø§Ø¯',39.6457939147949,47.9099502563477);
  Insert into typecity (typecityid,typeprovinceid,name,latitude,longitude) values (6,1,'ØªØ§Ø²Ù‡ Ú©Ù†Ø¯',39.5755882263184,48.0163764953613);
  Insert into typecity (typecityid,typeprovinceid,name,latitude,longitude) values (7,1,'ØªØ§Ø²Ù‡ Ú©Ù†Ø¯Ø§Ù†Ú¯ÙˆØª',39.0409660339355,47.74365234375);
  Insert into typecity (typecityid,typeprovinceid,name,latitude,longitude) values (8,1,'Ø¬Ø¹Ù�Ø±Ø¢Ø¨Ø§Ø¯',39.433177947998,48.0978813171387);
  Insert into typecity (typecityid,typeprovinceid,name,latitude,longitude) values (9,1,'Ø®Ù„Ø®Ø§Ù„',37.6207504272461,48.5273666381836);
  Insert into typecity (typecityid,typeprovinceid,name,latitude,longitude) values (10,1,'Ø±Ø¶ÛŒ',38.629020690918,48.0945091247559);
  Insert into typecity (typecityid,typeprovinceid,name,latitude,longitude) values (11,1,'Ø³Ø±Ø¹ÛŒÙ†',38.1376686096191,48.0762329101563);
  Insert into typecity (typecityid,typeprovinceid,name,latitude,longitude) values (12,1,'Ø¹Ù†Ø¨Ø±Ø§Ù†',38.4876899719238,48.4351425170898);
  Insert into typecity (typecityid,typeprovinceid,name,latitude,longitude) values (13,1,'Ù�Ø®Ø±Ø¢Ø¨Ø§Ø¯',38.5229873657227,47.8616714477539);
  Insert into typecity (typecityid,typeprovinceid,name,latitude,longitude) values (14,1,'Ú©Ù„ÙˆØ±',37.3894538879395,48.7229042053223);
  Insert into typecity (typecityid,typeprovinceid,name,latitude,longitude) values (15,1,'Ú©ÙˆØ±Ø§ÛŒÛŒÙ…',37.950569152832,48.2355155944824);
  Insert into typecity (typecityid,typeprovinceid,name,latitude,longitude) values (16,1,'Ú¯Ø±Ù…ÛŒ',39.0121879577637,48.0836029052734);
  Insert into typecity (typecityid,typeprovinceid,name,latitude,longitude) values (17,1,'Ú¯ÛŒÙˆÛŒ',37.6841621398926,48.3396682739258);
  Insert into typecity (typecityid,typeprovinceid,name,latitude,longitude) values (18,1,'Ù„Ø§Ù‡Ø±ÙˆØ¯',38.5073356628418,47.8304786682129);
  Insert into typecity (typecityid,typeprovinceid,name,latitude,longitude) values (19,1,'Ù…Ø±Ø§Ø¯Ù„Ùˆ',38.7467613220215,47.7462844848633);
  Insert into typecity (typecityid,typeprovinceid,name,latitude,longitude) values (20,1,'Ù…Ø´Ú¯ÛŒÙ† Ø´Ù‡Ø±',38.3971862792969,47.6725807189941);
  Insert into typecity (typecityid,typeprovinceid,name,latitude,longitude) values (21,1,'Ù†Ù…ÛŒÙ†',38.4236488342285,48.4808197021484);
  Insert into typecity (typecityid,typeprovinceid,name,latitude,longitude) values (22,1,'Ù†ÛŒØ±',38.0352172851562,48.0073928833008);
  Insert into typecity (typecityid,typeprovinceid,name,latitude,longitude) values (23,1,'Ù‡Ø´ØªØ¬ÛŒÙ†',37.363826751709,48.3245849609375);
  Insert into typecity (typecityid,typeprovinceid,name,latitude,longitude) values (24,1,'Ù‡ÛŒØ±',38.0753555297852,48.497974395752);
  Insert into typecity (typecityid,typeprovinceid,name,latitude,longitude) values (25,2,'Ø§Ø¨Ø±ÛŒØ´Ù…',32.5561141967773,51.5736312866211);
  Insert into typecity (typecityid,typeprovinceid,name,latitude,longitude) values (26,2,'Ø§Ø¨ÙˆØ²ÛŒØ¯Ø¢Ø¨Ø§Ø¯',33.9041328430176,51.7680015563965);
  Insert into typecity (typecityid,typeprovinceid,name,latitude,longitude) values (27,2,'Ø§Ø±Ø¯Ø³ØªØ§Ù†',33.3565788269043,52.3781852722168);
  Insert into typecity (typecityid,typeprovinceid,name,latitude,longitude) values (28,2,'Ø§Ú˜ÛŒÙ‡',32.4401702880859,52.3795166015625);
  Insert into typecity (typecityid,typeprovinceid,name,latitude,longitude) values (29,2,'Ø§ØµÙ�Ù‡Ø§Ù†',32.57763671875,51.6590538024902);
  Insert into typecity (typecityid,typeprovinceid,name,latitude,longitude) values (30,2,'Ø§Ù�ÙˆØ³',33.0241394042969,50.0929794311523);
  Insert into typecity (typecityid,typeprovinceid,name,latitude,longitude) values (31,2,'Ø§Ù†Ø§Ø±Ú©',33.3068008422852,53.6970291137695);
  Insert into typecity (typecityid,typeprovinceid,name,latitude,longitude) values (32,2,'Ø§ÛŒÙ…Ø§Ù†Ø´Ù‡Ø±',32.4703483581543,51.4613838195801);
  Insert into typecity (typecityid,typeprovinceid,name,latitude,longitude) values (33,2,'Ø¢Ø±Ø§Ù† ÙˆØ¨ÛŒØ¯Ú¯Ù„',34.0581970214844,51.4824867248535);
  Insert into typecity (typecityid,typeprovinceid,name,latitude,longitude) values (34,2,'Ø¨Ø§Ø¯Ø±ÙˆØ¯',33.6897506713867,52.0112648010254);
  Insert into typecity (typecityid,typeprovinceid,name,latitude,longitude) values (35,2,'Ø¨Ø§Øº Ø¨Ù‡Ø§Ø¯Ø±Ø§Ù†',32.3758201599121,51.1912422180176);
  Insert into typecity (typecityid,typeprovinceid,name,latitude,longitude) values (36,2,'Ø¨Ø§Ù�Ø±Ø§Ù†',32.8366813659668,53.1421432495117);
  Insert into typecity (typecityid,typeprovinceid,name,latitude,longitude) values (37,2,'Ø¨Ø±Ø²Ú©',33.7783164978027,51.230152130127);
  Insert into typecity (typecityid,typeprovinceid,name,latitude,longitude) values (38,2,'Ø¨Ø±Ù� Ø§Ù†Ø¨Ø§Ø±',32.9958724975586,50.1938819885254);
  Insert into typecity (typecityid,typeprovinceid,name,latitude,longitude) values (39,2,'Ø¨ÙˆØ¦ÛŒÙ† ÙˆÙ…ÛŒØ§Ù†Ø¯Ø´Øª',33.0804443359375,50.1587333679199);
  Insert into typecity (typecityid,typeprovinceid,name,latitude,longitude) values (40,2,'Ø¨Ù‡Ø§Ø±Ø§Ù† Ø´Ù‡Ø±',32.5156440734863,51.5414428710938);
  Insert into typecity (typecityid,typeprovinceid,name,latitude,longitude) values (41,2,'Ø¨Ù‡Ø§Ø±Ø³ØªØ§Ù†',32.4865112304687,51.7789115905762);
  Insert into typecity (typecityid,typeprovinceid,name,latitude,longitude) values (42,2,'Ù¾ÛŒØ±Ø¨Ú©Ø±Ø§Ù†',32.465576171875,51.5559616088867);
  Insert into typecity (typecityid,typeprovinceid,name,latitude,longitude) values (43,2,'ØªÙˆØ¯Ø´Ú©',32.7282676696777,52.6791152954102);
  Insert into typecity (typecityid,typeprovinceid,name,latitude,longitude) values (44,2,'ØªÛŒØ±Ø§Ù†',32.704402923584,51.1531791687012);
  Insert into typecity (typecityid,typeprovinceid,name,latitude,longitude) values (45,2,'Ø¬Ù†Ø¯Ù‚',34.0413131713867,54.4144668579102);
  Insert into typecity (typecityid,typeprovinceid,name,latitude,longitude) values (46,2,'Ø¬ÙˆØ²Ø¯Ø§Ù†',32.5548973083496,51.3718605041504);
  Insert into typecity (typecityid,typeprovinceid,name,latitude,longitude) values (47,2,'Ø¬ÙˆØ´Ù‚Ø§Ù† ÙˆÚ©Ø§Ù…Ùˆ',33.5994682312012,51.2282638549805);
  Insert into typecity (typecityid,typeprovinceid,name,latitude,longitude) values (48,2,'Ú†Ø§Ø¯Ú¯Ø§Ù†',32.771556854248,50.6268577575684);
  Insert into typecity (typecityid,typeprovinceid,name,latitude,longitude) values (49,2,'Ú†Ø±Ù…Ù‡ÛŒÙ†',32.3383598327637,51.1954879760742);
  Insert into typecity (typecityid,typeprovinceid,name,latitude,longitude) values (50,2,'Ú†Ù…Ú¯Ø±Ø¯Ø§Ù†',32.3935050964355,51.3353500366211);
  Insert into typecity (typecityid,typeprovinceid,name,latitude,longitude) values (51,2,'Ø­Ø¨ÛŒØ¨ Ø¢Ø¨Ø§Ø¯',32.8218879699707,51.7758712768555);
  Insert into typecity (typecityid,typeprovinceid,name,latitude,longitude) values (52,2,'Ø­Ø³Ù† Ø¢Ø¨Ø§Ø¯',32.1366348266602,52.6235427856445);
  Insert into typecity (typecityid,typeprovinceid,name,latitude,longitude) values (53,2,'Ø­Ù†Ø§',31.1975841522217,51.7256813049316);
  Insert into typecity (typecityid,typeprovinceid,name,latitude,longitude) values (54,2,'Ø®Ø§Ù„Ø¯Ø¢Ø¨Ø§Ø¯',33.7018356323242,51.9816436767578);
  Insert into typecity (typecityid,typeprovinceid,name,latitude,longitude) values (55,2,'Ø®Ù…ÛŒÙ†ÛŒ Ø´Ù‡Ø±',32.6833305358887,51.5335960388184);
  Insert into typecity (typecityid,typeprovinceid,name,latitude,longitude) values (56,2,'Ø®ÙˆØ§Ù†Ø³Ø§Ø±',33.2142295837402,50.3188705444336);
  Insert into typecity (typecityid,typeprovinceid,name,latitude,longitude) values (57,2,'Ø®ÙˆØ±',33.7718162536621,55.0838432312012);
  Insert into typecity (typecityid,typeprovinceid,name,latitude,longitude) values (58,2,'Ø®ÙˆØ±Ø§Ø³Ú¯Ø§Ù†',32.655101776123,51.7595481872559);
  Insert into typecity (typecityid,typeprovinceid,name,latitude,longitude) values (59,2,'Ø®ÙˆØ±Ø²ÙˆÙ‚',32.7767219543457,51.6498374938965);
  Insert into typecity (typecityid,typeprovinceid,name,latitude,longitude) values (60,2,'Ø¯Ø§Ø±Ø§Ù†',32.9862174987793,50.4091377258301);
  Insert into typecity (typecityid,typeprovinceid,name,latitude,longitude) values (61,2,'Ø¯Ø§Ù…Ù†Ù‡',33.0157928466797,50.4877700805664);
  Insert into typecity (typecityid,typeprovinceid,name,latitude,longitude) values (62,2,'Ø¯Ø±Ú†Ù‡ Ù¾ÛŒØ§Ø²',32.6044807434082,51.5477066040039);
  Insert into typecity (typecityid,typeprovinceid,name,latitude,longitude) values (63,2,'Ø¯Ø³ØªÚ¯Ø±Ø¯',32.8020477294922,51.665714263916);
  Insert into typecity (typecityid,typeprovinceid,name,latitude,longitude) values (64,2,'Ø¯ÙˆÙ„Øª Ø¢Ø¨Ø§Ø¯',32.8047294616699,51.6935615539551);
  Insert into typecity (typecityid,typeprovinceid,name,latitude,longitude) values (65,2,'Ø¯Ù‡Ø§Ù‚Ø§Ù†',31.9331302642822,51.6541786193848);
  Insert into typecity (typecityid,typeprovinceid,name,latitude,longitude) values (66,2,'Ø¯Ù‡Ù‚',33.103385925293,50.9591751098633);
  Insert into typecity (typecityid,typeprovinceid,name,latitude,longitude) values (67,2,'Ø¯ÛŒØ²ÛŒÚ†Ù‡',32.3779296875,51.5041618347168);
  Insert into typecity (typecityid,typeprovinceid,name,latitude,longitude) values (68,2,'Ø±Ø²ÙˆÙ‡',32.8351287841797,50.5693435668945);
  Insert into typecity (typecityid,typeprovinceid,name,latitude,longitude) values (69,2,'Ø±Ø¶ÙˆØ§Ù†Ø´Ù‡Ø±',32.6997413635254,51.1038818359375);
  Insert into typecity (typecityid,typeprovinceid,name,latitude,longitude) values (70,2,'Ø²Ø§ÛŒÙ†Ø¯Ù‡ Ø±ÙˆØ¯',32.3782157897949,51.2732620239258);
  Insert into typecity (typecityid,typeprovinceid,name,latitude,longitude) values (71,2,'Ø²Ø±ÛŒÙ† Ø´Ù‡Ø±',32.3941307067871,51.3858947753906);
  Insert into typecity (typecityid,typeprovinceid,name,latitude,longitude) values (72,2,'Ø²ÙˆØ§Ø±Ù‡',33.4478607177734,52.4866638183594);
  Insert into typecity (typecityid,typeprovinceid,name,latitude,longitude) values (73,2,'Ø²ÛŒØ¨Ø§Ø´Ù‡Ø±',32.3794174194336,51.5648231506348);
  Insert into typecity (typecityid,typeprovinceid,name,latitude,longitude) values (74,2,'Ø³Ø¯Ù‡ Ù„Ù†Ø¬Ø§Ù†',32.3773918151855,51.318904876709);
  Insert into typecity (typecityid,typeprovinceid,name,latitude,longitude) values (75,2,'Ø³Ù�ÛŒØ¯Ø´Ù‡Ø±',34.1230621337891,51.3515014648438);
  Insert into typecity (typecityid,typeprovinceid,name,latitude,longitude) values (76,2,'Ø³Ú¯Ø²ÛŒ',32.6685638427734,52.1304664611816);
  Insert into typecity (typecityid,typeprovinceid,name,latitude,longitude) values (77,2,'Ø³Ù…ÛŒØ±Ù…',31.4145526885986,51.5718688964844);
  Insert into typecity (typecityid,typeprovinceid,name,latitude,longitude) values (78,2,'Ø´Ø§Ù¾ÙˆØ±Ø¢Ø¨Ø§Ø¯',32.8454208374023,51.7433204650879);
  Insert into typecity (typecityid,typeprovinceid,name,latitude,longitude) values (79,2,'Ø´Ø§Ù‡ÛŒÙ† Ø´Ù‡Ø±',32.8643188476562,51.5546760559082);
  Insert into typecity (typecityid,typeprovinceid,name,latitude,longitude) values (80,2,'Ø´Ù‡Ø±Ø¶Ø§',31.9766597747803,51.8494262695313);
  Insert into typecity (typecityid,typeprovinceid,name,latitude,longitude) values (81,2,'Ø·Ø§Ù„Ø®ÙˆÙ†Ú†Ù‡',32.2620849609375,51.5642776489258);
  Insert into typecity (typecityid,typeprovinceid,name,latitude,longitude) values (82,2,'Ø¹Ø³Ú¯Ø±Ø§Ù†',32.863525390625,50.8521995544434);
  Insert into typecity (typecityid,typeprovinceid,name,latitude,longitude) values (83,2,'Ø¹Ù„ÙˆÛŒÚ†Ù‡',33.054801940918,51.0814590454102);
  Insert into typecity (typecityid,typeprovinceid,name,latitude,longitude) values (84,2,'Ù�Ø±Ø®ÛŒ',33.8445816040039,54.9468803405762);
  Insert into typecity (typecityid,typeprovinceid,name,latitude,longitude) values (85,2,'Ù�Ø±ÛŒØ¯ÙˆÙ†Ø´Ù‡Ø±',32.9399871826172,50.1393852233887);
  Insert into typecity (typecityid,typeprovinceid,name,latitude,longitude) values (86,2,'Ù�Ù„Ø§ÙˆØ±Ø¬Ø§Ù†',32.556266784668,51.506290435791);
  Insert into typecity (typecityid,typeprovinceid,name,latitude,longitude) values (87,2,'Ù�ÙˆÙ„Ø§Ø¯Ø´Ù‡Ø±',32.4895324707031,51.4073677062988);
  Insert into typecity (typecityid,typeprovinceid,name,latitude,longitude) values (88,2,'Ù‚Ù…ØµØ±',33.752010345459,51.4306488037109);
  Insert into typecity (typecityid,typeprovinceid,name,latitude,longitude) values (89,2,'Ù‚Ù‡Ø¬Ø§ÙˆØ±Ø³ØªØ§Ù†',32.7031364440918,51.8350067138672);
  Insert into typecity (typecityid,typeprovinceid,name,latitude,longitude) values (90,2,'Ù‚Ù‡Ø¯Ø±ÛŒØ¬Ø§Ù†',32.5738372802734,51.4558486938477);
  Insert into typecity (typecityid,typeprovinceid,name,latitude,longitude) values (91,2,'Ú©Ø§Ø´Ø§Ù†',33.9833946228027,51.4320831298828);
  Insert into typecity (typecityid,typeprovinceid,name,latitude,longitude) values (92,2,'Ú©Ø±Ú©ÙˆÙ†Ø¯',32.3462944030762,51.4372367858887);
  Insert into typecity (typecityid,typeprovinceid,name,latitude,longitude) values (93,2,'Ú©Ù„ÛŒØ´Ø§Ø¯ÙˆØ³ÙˆØ¯Ø±Ø¬Ø§Ù†',32.5415382385254,51.5358963012695);
  Insert into typecity (typecityid,typeprovinceid,name,latitude,longitude) values (94,2,'Ú©Ù…Ø´Ú†Ù‡',32.9057693481445,51.8090400695801);
  Insert into typecity (typecityid,typeprovinceid,name,latitude,longitude) values (95,2,'Ú©Ù…Ù‡',31.061466217041,51.5935821533203);
  Insert into typecity (typecityid,typeprovinceid,name,latitude,longitude) values (96,2,'Ú©ÙˆØ´Ú©',32.640079498291,51.5001068115234);
  Insert into typecity (typecityid,typeprovinceid,name,latitude,longitude) values (97,2,'Ú©ÙˆÙ‡Ù¾Ø§ÛŒÙ‡',32.7151107788086,52.4325180053711);
  Insert into typecity (typecityid,typeprovinceid,name,latitude,longitude) values (98,2,'Ú©Ù‡Ø±ÛŒØ²Ø³Ù†Ú¯',32.6262474060059,51.4771156311035);
  Insert into typecity (typecityid,typeprovinceid,name,latitude,longitude) values (99,2,'Ú¯Ø±Ú¯Ø§Ø¨',32.8657684326172,51.5976524353027);
  Insert into typecity (typecityid,typeprovinceid,name,latitude,longitude) values (100,2,'Ú¯Ø²Ø¨Ø±Ø®ÙˆØ§Ø±',32.8046073913574,51.6188278198242);
  Insert into typecity (typecityid,typeprovinceid,name,latitude,longitude) values (101,2,'Ú¯Ù„Ù¾Ø§ÛŒÚ¯Ø§Ù†',33.4509506225586,50.2833633422852);
  Insert into typecity (typecityid,typeprovinceid,name,latitude,longitude) values (102,2,'Ú¯Ù„Ø¯Ø´Øª',32.6299057006836,51.4427185058594);
  Insert into typecity (typecityid,typeprovinceid,name,latitude,longitude) values (103,2,'Ú¯Ù„Ø´Ù†',31.929220199585,51.7525062561035);
  Insert into typecity (typecityid,typeprovinceid,name,latitude,longitude) values (104,2,'Ú¯Ù„Ø´Ù‡Ø±',33.5058822631836,50.4656143188477);
  Insert into typecity (typecityid,typeprovinceid,name,latitude,longitude) values (105,2,'Ú¯ÙˆÚ¯Ø¯',33.473445892334,50.3453140258789);
  Insert into typecity (typecityid,typeprovinceid,name,latitude,longitude) values (106,2,'Ù„Ø§ÛŒ Ø¨ÛŒØ¯',33.4586524963379,50.694149017334);
  Insert into typecity (typecityid,typeprovinceid,name,latitude,longitude) values (107,2,'Ù…Ø¨Ø§Ø±Ú©Ù‡',32.3417739868164,51.5006828308106);
  Insert into typecity (typecityid,typeprovinceid,name,latitude,longitude) values (108,2,'Ù…Ø­Ù…Ø¯Ø¢Ø¨Ø§Ø¯',32.3194541931152,52.1039123535156);
  Insert into typecity (typecityid,typeprovinceid,name,latitude,longitude) values (109,2,'Ù…Ø´Ú©Ø§Øª',34.1753463745117,51.2682571411133);
  Insert into typecity (typecityid,typeprovinceid,name,latitude,longitude) values (110,2,'Ù…Ù†Ø¸Ø±ÛŒÙ‡',31.9432907104492,51.872127532959);
  Insert into typecity (typecityid,typeprovinceid,name,latitude,longitude) values (111,2,'Ù…Ù‡Ø§Ø¨Ø§Ø¯',33.5276565551758,52.2173271179199);
  Insert into typecity (typecityid,typeprovinceid,name,latitude,longitude) values (112,2,'Ù…ÛŒÙ…Ù‡',33.4467430114746,51.1703453063965);
  Insert into typecity (typecityid,typeprovinceid,name,latitude,longitude) values (113,2,'Ù†Ø§Ø¦ÛŒÙ†',32.8604469299316,53.0956153869629);
  Insert into typecity (typecityid,typeprovinceid,name,latitude,longitude) values (114,2,'Ù†Ø¬Ù� Ø¢Ø¨Ø§Ø¯',32.631534576416,51.3505897521973);
  Insert into typecity (typecityid,typeprovinceid,name,latitude,longitude) values (115,2,'Ù†ØµØ±Ø¢Ø¨Ø§Ø¯',32.2783546447754,52.0619697570801);
  Insert into typecity (typecityid,typeprovinceid,name,latitude,longitude) values (116,2,'Ù†Ø·Ù†Ø²',33.5046806335449,51.9190711975098);
  Insert into typecity (typecityid,typeprovinceid,name,latitude,longitude) values (117,2,'Ù†ÙˆØ´ Ø¢Ø¨Ø§Ø¯',34.0808258056641,51.4379463195801);
  Insert into typecity (typecityid,typeprovinceid,name,latitude,longitude) values (118,2,'Ù†ÛŒØ§Ø³Ø±',33.9724502563477,51.1489105224609);
  Insert into typecity (typecityid,typeprovinceid,name,latitude,longitude) values (119,2,'Ù†ÛŒÚ© Ø¢Ø¨Ø§Ø¯',32.3027839660645,52.205207824707);
  Insert into typecity (typecityid,typeprovinceid,name,latitude,longitude) values (120,2,'ÙˆØ±Ø²Ù†Ù‡',32.4203186035156,52.6506118774414);
  Insert into typecity (typecityid,typeprovinceid,name,latitude,longitude) values (121,2,'ÙˆØ±Ù†Ø§Ù…Ø®ÙˆØ§Ø³Øª',32.3549575805664,51.3801193237305);
  Insert into typecity (typecityid,typeprovinceid,name,latitude,longitude) values (122,2,'ÙˆØ²ÙˆØ§Ù†',33.4198913574219,51.1833381652832);
  Insert into typecity (typecityid,typeprovinceid,name,latitude,longitude) values (123,2,'ÙˆÙ†Ú©',31.5282421112061,51.326473236084);
  Insert into typecity (typecityid,typeprovinceid,name,latitude,longitude) values (124,2,'Ù‡Ø±Ù†Ø¯',32.5638618469238,52.4372901916504);
  Insert into typecity (typecityid,typeprovinceid,name,latitude,longitude) values (125,3,'Ø§Ø´ØªÙ‡Ø§Ø±Ø¯',35.7245903015137,50.3614768981934);
  Insert into typecity (typecityid,typeprovinceid,name,latitude,longitude) values (126,3,'Ø¢Ø³Ø§Ø±Ø§',36.0314483642578,51.1738739013672);
  Insert into typecity (typecityid,typeprovinceid,name,latitude,longitude) values (127,3,'ØªÙ†Ú©Ù…Ø§Ù†',35.8894081115723,50.6148834228516);
  Insert into typecity (typecityid,typeprovinceid,name,latitude,longitude) values (128,3,'Ú†Ù‡Ø§Ø±Ø¨Ø§Øº',35.8381538391113,50.8479804992676);
  Insert into typecity (typecityid,typeprovinceid,name,latitude,longitude) values (129,3,'Ø³ÛŒÙ� Ø¢Ø¨Ø§Ø¯',35.9114799499512,50.7705383300781);
  Insert into typecity (typecityid,typeprovinceid,name,latitude,longitude) values (130,3,'Ø´Ù‡Ø±Ø¬Ø¯ÛŒØ¯Ù‡Ø´ØªÚ¯Ø±Ø¯',35.9842948913574,50.7412033081055);
  Insert into typecity (typecityid,typeprovinceid,name,latitude,longitude) values (131,3,'Ø·Ø§Ù„Ù‚Ø§Ù†',36.1729965209961,50.7684898376465);
  Insert into typecity (typecityid,typeprovinceid,name,latitude,longitude) values (132,3,'Ú©Ø±Ø¬',35.7247200012207,50.952766418457);
  Insert into typecity (typecityid,typeprovinceid,name,latitude,longitude) values (133,3,'Ú©Ù…Ø§Ù„ Ø´Ù‡Ø±',35.8460388183594,50.8840484619141);
  Insert into typecity (typecityid,typeprovinceid,name,latitude,longitude) values (134,3,'Ú©ÙˆÙ‡Ø³Ø§Ø±',35.9556694030762,50.7935333251953);
  Insert into typecity (typecityid,typeprovinceid,name,latitude,longitude) values (135,3,'Ú¯Ø±Ù…Ø¯Ø±Ù‡',35.7445411682129,51.0688552856445);
  Insert into typecity (typecityid,typeprovinceid,name,latitude,longitude) values (136,3,'Ù…Ø§Ù‡Ø¯Ø´Øª',35.7275619506836,50.8061294555664);
  Insert into typecity (typecityid,typeprovinceid,name,latitude,longitude) values (137,3,'Ù…Ø­Ù…Ø¯Ø´Ù‡Ø±',35.736644744873,50.8995513916016);
  Insert into typecity (typecityid,typeprovinceid,name,latitude,longitude) values (138,3,'Ù…Ø´Ú©ÛŒÙ† Ø¯Ø´Øª',35.7483863830566,50.9407806396484);
  Insert into typecity (typecityid,typeprovinceid,name,latitude,longitude) values (139,3,'Ù†Ø¸Ø±Ø¢Ø¨Ø§Ø¯',35.9519500732422,50.6045341491699);
  Insert into typecity (typecityid,typeprovinceid,name,latitude,longitude) values (140,3,'Ù‡Ø´ØªÚ¯Ø±Ø¯',35.95068359375,50.6838607788086);
  Insert into typecity (typecityid,typeprovinceid,name,latitude,longitude) values (141,4,'Ø§Ø±Ú©ÙˆØ§Ø²',33.3871078491211,46.5977249145508);
  Insert into typecity (typecityid,typeprovinceid,name,latitude,longitude) values (142,4,'Ø§ÛŒÙ„Ø§Ù…',33.5750541687012,46.4164161682129);
  Insert into typecity (typecityid,typeprovinceid,name,latitude,longitude) values (143,4,'Ø§ÛŒÙˆØ§Ù†',33.8293533325195,46.3061294555664);
  Insert into typecity (typecityid,typeprovinceid,name,latitude,longitude) values (144,4,'Ø¢Ø¨Ø¯Ø§Ù†Ø§Ù†',32.988353729248,47.4240951538086);
  Insert into typecity (typecityid,typeprovinceid,name,latitude,longitude) values (145,4,'Ø¢Ø³Ù…Ø§Ù† Ø¢Ø¨Ø§Ø¯',33.8493843078613,46.4656257629395);
  Insert into typecity (typecityid,typeprovinceid,name,latitude,longitude) values (146,4,'Ø¨Ø¯Ø±Ù‡',33.3071708679199,47.038330078125);
  Insert into typecity (typecityid,typeprovinceid,name,latitude,longitude) values (147,4,'Ù¾Ù‡Ù„Ù‡',33.0114555358887,46.8835563659668);
  Insert into typecity (typecityid,typeprovinceid,name,latitude,longitude) values (148,4,'ØªÙˆØ­ÛŒØ¯',33.7268218994141,47.0682945251465);
  Insert into typecity (typecityid,typeprovinceid,name,latitude,longitude) values (149,4,'Ú†ÙˆØ§Ø±',33.6919097900391,46.2971534729004);
  Insert into typecity (typecityid,typeprovinceid,name,latitude,longitude) values (150,4,'Ø¯Ø±Ù‡ Ø´Ù‡Ø±',33.149486541748,47.3816604614258);
  Insert into typecity (typecityid,typeprovinceid,name,latitude,longitude) values (151,4,'Ø¯Ù„Ú¯Ø´Ø§',33.4057121276855,46.5942878723145);
  Insert into typecity (typecityid,typeprovinceid,name,latitude,longitude) values (152,4,'Ø¯Ù‡Ù„Ø±Ø§Ù†',32.6902008056641,47.2708549499512);
  Insert into typecity (typecityid,typeprovinceid,name,latitude,longitude) values (153,4,'Ø²Ø±Ù†Ù‡',33.926212310791,46.1867218017578);
  Insert into typecity (typecityid,typeprovinceid,name,latitude,longitude) values (154,4,'Ø³Ø±Ø§Ø¨ Ø¨Ø§Øº',32.896671295166,47.5726318359375);
  Insert into typecity (typecityid,typeprovinceid,name,latitude,longitude) values (155,4,'Ø³Ø±Ø§Ø¨Ù„Ù‡',33.7682266235352,46.5613670349121);
  Insert into typecity (typecityid,typeprovinceid,name,latitude,longitude) values (156,4,'ØµØ§Ù„Ø­ Ø¢Ø¨Ø§Ø¯',33.4687728881836,46.1910667419434);
  Insert into typecity (typecityid,typeprovinceid,name,latitude,longitude) values (157,4,'Ù„ÙˆÙ…Ø§Ø±',33.5671844482422,46.8113555908203);
  Insert into typecity (typecityid,typeprovinceid,name,latitude,longitude) values (158,4,'Ù…ÙˆØ±Ù…ÙˆØ±ÛŒ',32.726318359375,47.6750984191895);
  Insert into typecity (typecityid,typeprovinceid,name,latitude,longitude) values (159,4,'Ù…ÙˆØ³ÛŒØ§Ù†',32.5201835632324,47.3770713806152);
  Insert into typecity (typecityid,typeprovinceid,name,latitude,longitude) values (160,4,'Ù…Ù‡Ø±Ø§Ù†',33.1220283508301,46.1728897094727);
  Insert into typecity (typecityid,typeprovinceid,name,latitude,longitude) values (161,4,'Ù…ÛŒÙ…Ù‡',33.2266235351562,46.9186477661133);
  Insert into typecity (typecityid,typeprovinceid,name,latitude,longitude) values (162,5,'Ø§Ø³Ú©Ùˆ',37.917781829834,46.1244697570801);
  Insert into typecity (typecityid,typeprovinceid,name,latitude,longitude) values (163,5,'Ø§Ù‡Ø±',38.4745330810547,47.0709838867188);
  Insert into typecity (typecityid,typeprovinceid,name,latitude,longitude) values (164,5,'Ø§ÛŒÙ„Ø®Ú†ÛŒ',37.9367408752441,45.9819869995117);
  Insert into typecity (typecityid,typeprovinceid,name,latitude,longitude) values (165,5,'Ø¢Ø¨Ø´ Ø§Ø­Ù…Ø¯',39.0401382446289,47.3173637390137);
  Insert into typecity (typecityid,typeprovinceid,name,latitude,longitude) values (166,5,'Ø¢Ø°Ø±Ø´Ù‡Ø±',37.7661781311035,45.976448059082);
  Insert into typecity (typecityid,typeprovinceid,name,latitude,longitude) values (167,5,'Ø¢Ù‚Ú©Ù†Ø¯',37.2533721923828,48.0654716491699);
  Insert into typecity (typecityid,typeprovinceid,name,latitude,longitude) values (168,5,'Ø¨Ø§Ø³Ù…Ù†Ø¬',37.9943542480469,46.4747467041016);
  Insert into typecity (typecityid,typeprovinceid,name,latitude,longitude) values (169,5,'Ø¨Ø®Ø´Ø§ÛŒØ´',38.1318511962891,46.9474678039551);
  Insert into typecity (typecityid,typeprovinceid,name,latitude,longitude) values (170,5,'Ø¨Ø³ØªØ§Ù† Ø¢Ø¨Ø§Ø¯',37.8369941711426,46.8309631347656);
  Insert into typecity (typecityid,typeprovinceid,name,latitude,longitude) values (171,5,'Ø¨Ù†Ø§Ø¨',37.345588684082,46.0662002563477);
  Insert into typecity (typecityid,typeprovinceid,name,latitude,longitude) values (172,5,'Ø¨Ù†Ø§Ø¨ Ø¬Ø¯ÛŒØ¯',38.4233055114746,45.9070091247559);
  Insert into typecity (typecityid,typeprovinceid,name,latitude,longitude) values (173,5,'ØªØ¨Ø±ÛŒØ²',38.0792922973633,46.2891502380371);
  Insert into typecity (typecityid,typeprovinceid,name,latitude,longitude) values (174,5,'ØªØ±Ú©',37.6076850891113,47.7681884765625);
  Insert into typecity (typecityid,typeprovinceid,name,latitude,longitude) values (175,5,'ØªØ±Ú©Ù…Ø§Ù†Ú†Ø§ÛŒ',37.5804405212402,47.3914527893066);
  Insert into typecity (typecityid,typeprovinceid,name,latitude,longitude) values (176,5,'ØªØ³ÙˆØ¬',38.3105506896973,45.3704147338867);
  Insert into typecity (typecityid,typeprovinceid,name,latitude,longitude) values (177,5,'ØªÛŒÚ©Ù…Ù‡ Ø¯Ø§Ø´',37.7283897399902,46.9458045959473);
  Insert into typecity (typecityid,typeprovinceid,name,latitude,longitude) values (178,5,'Ø¬Ù„Ù�Ø§',38.9347648620605,45.6388702392578);
  Insert into typecity (typecityid,typeprovinceid,name,latitude,longitude) values (179,5,'Ø®Ø§Ø±ÙˆØ§Ù†Ø§',38.6830024719238,46.1686401367188);
  Insert into typecity (typecityid,typeprovinceid,name,latitude,longitude) values (180,5,'Ø®Ø§Ù…Ù†Ù‡',38.1939392089844,45.6329574584961);
  Insert into typecity (typecityid,typeprovinceid,name,latitude,longitude) values (181,5,'Ø®Ø±Ø§Ø¬Ùˆ',37.3116493225098,46.5315322875977);
  Insert into typecity (typecityid,typeprovinceid,name,latitude,longitude) values (182,5,'Ø®Ø³Ø±ÙˆØ´Ù‡Ø±',37.9543724060059,46.0506858825684);
  Insert into typecity (typecityid,typeprovinceid,name,latitude,longitude) values (183,5,'Ø®Ù…Ø§Ø±Ù„Ùˆ',39.1480102539062,47.0347557067871);
  Insert into typecity (typecityid,typeprovinceid,name,latitude,longitude) values (184,5,'Ø®ÙˆØ§Ø¬Ù‡',38.1546936035156,46.5869102478027);
  Insert into typecity (typecityid,typeprovinceid,name,latitude,longitude) values (185,5,'Ø¯ÙˆØ²Ø¯ÙˆØ²Ø§Ù†',37.949333190918,47.1199645996094);
  Insert into typecity (typecityid,typeprovinceid,name,latitude,longitude) values (186,5,'Ø²Ø±Ù†Ù‚',38.0918426513672,47.0817031860352);
  Insert into typecity (typecityid,typeprovinceid,name,latitude,longitude) values (187,5,'Ø²Ù†ÙˆØ²',38.5879936218262,45.8343887329102);
  Insert into typecity (typecityid,typeprovinceid,name,latitude,longitude) values (188,5,'Ø³Ø±Ø§Ø¨',37.9409980773926,47.5353317260742);
  Insert into typecity (typecityid,typeprovinceid,name,latitude,longitude) values (189,5,'Ø³Ø±Ø¯Ø±ÙˆØ¯',38.0317802429199,46.1479148864746);
  Insert into typecity (typecityid,typeprovinceid,name,latitude,longitude) values (190,5,'Ø³ÛŒØ³',38.1940765380859,45.8140869140625);
  Insert into typecity (typecityid,typeprovinceid,name,latitude,longitude) values (191,5,'Ø³ÛŒÙ‡ Ø±ÙˆØ¯',38.8695182800293,46.0017051696777);
  Insert into typecity (typecityid,typeprovinceid,name,latitude,longitude) values (192,5,'Ø´Ø¨Ø³ØªØ±',38.1805000305176,45.7013931274414);
  Insert into typecity (typecityid,typeprovinceid,name,latitude,longitude) values (193,5,'Ø´Ø±Ø¨ÛŒØ§Ù†',37.8815536499023,47.0999603271484);
  Insert into typecity (typecityid,typeprovinceid,name,latitude,longitude) values (194,5,'Ø´Ø±Ù�Ø®Ø§Ù†Ù‡',38.1778373718262,45.4902572631836);
  Insert into typecity (typecityid,typeprovinceid,name,latitude,longitude) values (195,5,'Ø´Ù†Ø¯Ø¢Ø¨Ø§Ø¯',38.1421356201172,45.6225204467773);
  Insert into typecity (typecityid,typeprovinceid,name,latitude,longitude) values (196,5,'Ø´Ù‡Ø±Ø¬Ø¯ÛŒØ¯Ø³Ù‡Ù†Ø¯',37.9450912475586,46.1210098266602);
  Insert into typecity (typecityid,typeprovinceid,name,latitude,longitude) values (197,5,'ØµÙˆÙ�ÛŒØ§Ù†',38.278621673584,45.981616973877);
  Insert into typecity (typecityid,typeprovinceid,name,latitude,longitude) values (198,5,'Ø¹Ø¬Ø¨ Ø´ÛŒØ±',37.4771003723145,45.894832611084);
  Insert into typecity (typecityid,typeprovinceid,name,latitude,longitude) values (199,5,'Ù‚Ø±Ù‡ Ø¢ØºØ§Ø¬',37.1291007995605,46.9722404479981);
  Insert into typecity (typecityid,typeprovinceid,name,latitude,longitude) values (200,5,'Ú©Ø´Ú©Ø³Ø±Ø§ÛŒ',38.4600524902344,45.5689353942871);
  Insert into typecity (typecityid,typeprovinceid,name,latitude,longitude) values (201,5,'Ú©Ù„ÙˆØ§Ù†Ù‚',38.1012496948242,46.9931907653809);
  Insert into typecity (typecityid,typeprovinceid,name,latitude,longitude) values (202,5,'Ú©Ù„ÛŒØ¨Ø±',38.8648490905762,47.0407829284668);
  Insert into typecity (typecityid,typeprovinceid,name,latitude,longitude) values (203,5,'Ú©ÙˆØ²Ù‡ Ú©Ù†Ø§Ù†',38.1838035583496,45.5774917602539);
  Insert into typecity (typecityid,typeprovinceid,name,latitude,longitude) values (204,5,'Ú¯ÙˆÚ¯Ø§Ù†',37.7691345214844,45.9045715332031);
  Insert into typecity (typecityid,typeprovinceid,name,latitude,longitude) values (205,5,'Ù„ÛŒÙ„Ø§Ù†',37.0064506530762,46.20556640625);
  Insert into typecity (typecityid,typeprovinceid,name,latitude,longitude) values (206,5,'Ù…Ø±Ø§ØºÙ‡',37.3860359191895,46.2336044311523);
  Insert into typecity (typecityid,typeprovinceid,name,latitude,longitude) values (207,5,'Ù…Ø±Ù†Ø¯',38.4319381713867,45.772045135498);
  Insert into typecity (typecityid,typeprovinceid,name,latitude,longitude) values (208,5,'Ù…Ù„Ú©Ø§Ù†',37.1425323486328,46.1003761291504);
  Insert into typecity (typecityid,typeprovinceid,name,latitude,longitude) values (209,5,'Ù…Ù…Ù‚Ø§Ù†',37.8386344909668,45.9715576171875);
  Insert into typecity (typecityid,typeprovinceid,name,latitude,longitude) values (210,5,'Ù…Ù‡Ø±Ø¨Ø§Ù†',38.0815925598145,47.1316719055176);
  Insert into typecity (typecityid,typeprovinceid,name,latitude,longitude) values (211,5,'Ù…ÛŒØ§Ù†Ù‡',37.4207077026367,47.7163505554199);
  Insert into typecity (typecityid,typeprovinceid,name,latitude,longitude) values (212,5,'Ù†Ø¸Ø±Ú©Ù‡Ø±ÛŒØ²ÛŒ',37.3473129272461,46.7620849609375);
  Insert into typecity (typecityid,typeprovinceid,name,latitude,longitude) values (213,5,'ÙˆØ§ÛŒÙ‚Ø§Ù†',38.1308403015137,45.7127838134766);
  Insert into typecity (typecityid,typeprovinceid,name,latitude,longitude) values (214,5,'ÙˆØ±Ø²Ù‚Ø§Ù†',38.5087051391602,46.6503448486328);
  Insert into typecity (typecityid,typeprovinceid,name,latitude,longitude) values (215,5,'Ù‡Ø§Ø¯ÛŒØ´Ù‡Ø±',38.8384284973145,45.6629066467285);
  Insert into typecity (typecityid,typeprovinceid,name,latitude,longitude) values (216,5,'Ù‡Ø±ÛŒØ³',38.2496223449707,47.1171188354492);
  Insert into typecity (typecityid,typeprovinceid,name,latitude,longitude) values (217,5,'Ù‡Ø´ØªØ±ÙˆØ¯',37.470775604248,47.0596694946289);
  Insert into typecity (typecityid,typeprovinceid,name,latitude,longitude) values (218,5,'Ù‡ÙˆØ±Ø§Ù†Ø¯',38.8571891784668,47.3651275634766);
  Insert into typecity (typecityid,typeprovinceid,name,latitude,longitude) values (219,5,'ÛŒØ§Ù…Ú†ÛŒ',38.5216598510742,45.6402587890625);
  Insert into typecity (typecityid,typeprovinceid,name,latitude,longitude) values (220,6,'Ø§Ø±ÙˆÙ…ÛŒÙ‡',37.5395393371582,45.0576515197754);
  Insert into typecity (typecityid,typeprovinceid,name,latitude,longitude) values (221,6,'Ø§Ø´Ù†ÙˆÛŒÙ‡',37.040210723877,45.1000442504883);
  Insert into typecity (typecityid,typeprovinceid,name,latitude,longitude) values (222,6,'Ø§ÛŒÙˆØ§ÙˆØºÙ„ÛŒ',38.7186546325684,45.2114105224609);
  Insert into typecity (typecityid,typeprovinceid,name,latitude,longitude) values (223,6,'Ø¢ÙˆØ§Ø¬ÛŒÙ‚',39.3317375183105,44.1531105041504);
  Insert into typecity (typecityid,typeprovinceid,name,latitude,longitude) values (224,6,'Ø¨Ø§Ø±ÙˆÙ‚',36.9509696960449,46.3199768066406);
  Insert into typecity (typecityid,typeprovinceid,name,latitude,longitude) values (225,6,'Ø¨Ø§Ø²Ø±Ú¯Ø§Ù†',39.3942375183105,44.3866882324219);
  Insert into typecity (typecityid,typeprovinceid,name,latitude,longitude) values (226,6,'Ø¨ÙˆÚ©Ø§Ù†',36.5079879760742,46.2066612243652);
  Insert into typecity (typecityid,typeprovinceid,name,latitude,longitude) values (227,6,'Ù¾Ù„Ø¯Ø´Øª',39.3478507995605,45.0683708190918);
  Insert into typecity (typecityid,typeprovinceid,name,latitude,longitude) values (228,6,'Ù¾ÛŒØ±Ø§Ù†Ø´Ù‡Ø±',36.6939392089844,45.1411933898926);
  Insert into typecity (typecityid,typeprovinceid,name,latitude,longitude) values (229,6,'ØªØ§Ø²Ù‡ Ø´Ù‡Ø±',38.1757659912109,44.6908111572266);
  Insert into typecity (typecityid,typeprovinceid,name,latitude,longitude) values (230,6,'ØªÚ©Ø§Ø¨',36.4042205810547,47.1101608276367);
  Insert into typecity (typecityid,typeprovinceid,name,latitude,longitude) values (231,6,'Ú†Ù‡Ø§Ø±Ø¨Ø±Ø¬',37.1257705688477,45.9755630493164);
  Insert into typecity (typecityid,typeprovinceid,name,latitude,longitude) values (232,6,'Ø®Ù„ÛŒÙ�Ø§Ù†',36.5070877075195,45.7964744567871);
  Insert into typecity (typecityid,typeprovinceid,name,latitude,longitude) values (233,6,'Ø®ÙˆÛŒ',38.5202941894531,44.9546546936035);
  Insert into typecity (typecityid,typeprovinceid,name,latitude,longitude) values (234,6,'Ø¯ÛŒØ²Ø¬ Ø¯ÛŒØ²',38.4608955383301,45.0234451293945);
  Insert into typecity (typecityid,typeprovinceid,name,latitude,longitude) values (235,6,'Ø±Ø¨Ø·',36.2112731933594,45.5517425537109);
  Insert into typecity (typecityid,typeprovinceid,name,latitude,longitude) values (236,6,'Ø³Ø±Ø¯Ø´Øª',36.153995513916,45.4791145324707);
  Insert into typecity (typecityid,typeprovinceid,name,latitude,longitude) values (237,6,'Ø³Ø±Ùˆ',37.7227325439453,44.6504287719727);
  Insert into typecity (typecityid,typeprovinceid,name,latitude,longitude) values (238,6,'Ø³Ù„Ù…Ø§Ø³',38.1987380981445,44.7660293579102);
  Insert into typecity (typecityid,typeprovinceid,name,latitude,longitude) values (239,6,'Ø³ÛŒÙ„ÙˆØ§Ù†Ù‡',37.4224281311035,44.8513221740723);
  Insert into typecity (typecityid,typeprovinceid,name,latitude,longitude) values (240,6,'Ø³ÛŒÙ…ÛŒÙ†Ù‡',36.7256965637207,46.1530685424805);
  Insert into typecity (typecityid,typeprovinceid,name,latitude,longitude) values (241,6,'Ø³ÛŒÙ‡ Ú†Ø´Ù…Ù‡',39.0691795349121,44.3874588012695);
  Insert into typecity (typecityid,typeprovinceid,name,latitude,longitude) values (242,6,'Ø´Ø§Ù‡ÛŒÙ† Ø¯Ú˜',36.6792144775391,46.566463470459);
  Insert into typecity (typecityid,typeprovinceid,name,latitude,longitude) values (243,6,'Ø´ÙˆØ·',39.2181243896484,44.7711219787598);
  Insert into typecity (typecityid,typeprovinceid,name,latitude,longitude) values (244,6,'Ù�ÛŒØ±ÙˆØ±Ù‚',38.5777816772461,44.8367156982422);
  Insert into typecity (typecityid,typeprovinceid,name,latitude,longitude) values (245,6,'Ù‚Ø±Ù‡ Ø¶ÛŒØ§Ø¡Ø§Ù„Ø¯ÛŒÙ†',38.888542175293,45.0251731872559);
  Insert into typecity (typecityid,typeprovinceid,name,latitude,longitude) values (246,6,'Ù‚Ø·ÙˆØ±',38.4734764099121,44.4057006835938);
  Insert into typecity (typecityid,typeprovinceid,name,latitude,longitude) values (247,6,'Ù‚ÙˆØ´Ú†ÛŒ',37.9912071228027,45.0378761291504);
  Insert into typecity (typecityid,typeprovinceid,name,latitude,longitude) values (248,6,'Ú©Ø´Ø§ÙˆØ±Ø²',36.8347473144531,46.3584327697754);
  Insert into typecity (typecityid,typeprovinceid,name,latitude,longitude) values (249,6,'Ú¯Ø±Ø¯Ú©Ø´Ø§Ù†Ù‡',36.8118896484375,45.2739372253418);
  Insert into typecity (typecityid,typeprovinceid,name,latitude,longitude) values (250,6,'Ù…Ø§Ú©Ùˆ',39.2921524047852,44.4924354553223);
  Insert into typecity (typecityid,typeprovinceid,name,latitude,longitude) values (251,6,'Ù…Ø­Ù…Ø¯ÛŒØ§Ø±',36.9813995361328,45.5221405029297);
  Insert into typecity (typecityid,typeprovinceid,name,latitude,longitude) values (252,6,'Ù…Ø­Ù…ÙˆØ¯Ø¢Ø¨Ø§Ø¯',36.7118759155273,46.5190086364746);
  Insert into typecity (typecityid,typeprovinceid,name,latitude,longitude) values (253,6,'Ù…Ù‡Ø§Ø¨Ø§Ø¯',36.7702217102051,45.7284126281738);
  Insert into typecity (typecityid,typeprovinceid,name,latitude,longitude) values (254,6,'Ù…ÛŒØ§Ù†Ø¯ÙˆØ¢Ø¨',36.9649620056152,46.1059494018555);
  Insert into typecity (typecityid,typeprovinceid,name,latitude,longitude) values (255,6,'Ù…ÛŒØ±Ø¢Ø¨Ø§Ø¯',36.4030838012695,45.3748664855957);
  Insert into typecity (typecityid,typeprovinceid,name,latitude,longitude) values (256,6,'Ù†Ø§Ù„ÙˆØ³',36.9845085144043,45.1431427001953);
  Insert into typecity (typecityid,typeprovinceid,name,latitude,longitude) values (257,6,'Ù†Ù‚Ø¯Ù‡',36.9533843994141,45.3889045715332);
  Insert into typecity (typecityid,typeprovinceid,name,latitude,longitude) values (258,6,'Ù†ÙˆØ´ÛŒÙ†',37.7343368530273,45.0522918701172);
  Insert into typecity (typecityid,typeprovinceid,name,latitude,longitude) values (259,7,'Ø§Ù…Ø§Ù… Ø­Ø³Ù†',29.8396549224854,50.2638854980469);
  Insert into typecity (typecityid,typeprovinceid,name,latitude,longitude) values (260,7,'Ø§Ù†Ø§Ø±Ø³ØªØ§Ù†',28.0325489044189,52.0664672851563);
  Insert into typecity (typecityid,typeprovinceid,name,latitude,longitude) values (261,7,'Ø§Ù‡Ø±Ù…',28.8842239379883,51.278694152832);
  Insert into typecity (typecityid,typeprovinceid,name,latitude,longitude) values (262,7,'Ø¢Ø¨Ù¾Ø®Ø´',29.3537864685059,51.0646209716797);
  Insert into typecity (typecityid,typeprovinceid,name,latitude,longitude) values (263,7,'Ø¢Ø¨Ø¯Ø§Ù†',28.0739288330078,51.7706451416016);
  Insert into typecity (typecityid,typeprovinceid,name,latitude,longitude) values (264,7,'Ø¨Ø±Ø§Ø²Ø¬Ø§Ù†',29.2707118988037,51.2167091369629);
  Insert into typecity (typecityid,typeprovinceid,name,latitude,longitude) values (265,7,'Ø¨Ø±Ø¯Ø®ÙˆÙ†',28.0638523101807,51.4778366088867);
  Insert into typecity (typecityid,typeprovinceid,name,latitude,longitude) values (266,7,'Ø¨Ø±Ø¯Ø³ØªØ§Ù†',27.8714828491211,51.959644317627);
  Insert into typecity (typecityid,typeprovinceid,name,latitude,longitude) values (267,7,'Ø¨Ù†Ø¯Ø±Ø¯ÛŒØ±',27.8390598297119,51.9350128173828);
  Insert into typecity (typecityid,typeprovinceid,name,latitude,longitude) values (268,7,'Ø¨Ù†Ø¯Ø±Ø¯ÛŒÙ„Ù…',30.052282333374,50.1631889343262);
  Insert into typecity (typecityid,typeprovinceid,name,latitude,longitude) values (269,7,'Ø¨Ù†Ø¯Ø±Ø±ÛŒÚ¯',29.4879055023193,50.6264762878418);
  Insert into typecity (typecityid,typeprovinceid,name,latitude,longitude) values (270,7,'Ø¨Ù†Ø¯Ø±Ú©Ù†Ú¯Ø§Ù†',27.8377628326416,52.0617942810059);
  Insert into typecity (typecityid,typeprovinceid,name,latitude,longitude) values (271,7,'Ø¨Ù†Ø¯Ø±Ú¯Ù†Ø§ÙˆÙ‡',29.5736541748047,50.5185432434082);
  Insert into typecity (typecityid,typeprovinceid,name,latitude,longitude) values (272,7,'Ø¨Ù†Ú©',27.8716888427734,52.0273971557617);
  Insert into typecity (typecityid,typeprovinceid,name,latitude,longitude) values (273,7,'Ø¨ÙˆØ´Ù‡Ø±',28.9214267730713,50.8376693725586);
  Insert into typecity (typecityid,typeprovinceid,name,latitude,longitude) values (274,7,'ØªÙ†Ú¯ Ø§Ø±Ù…',29.1536903381348,51.5274200439453);
  Insert into typecity (typecityid,typeprovinceid,name,latitude,longitude) values (275,7,'Ø¬Ù…',27.8243522644043,52.340950012207);
  Insert into typecity (typecityid,typeprovinceid,name,latitude,longitude) values (276,7,'Ú†ØºØ§Ø¯Ú©',28.9875717163086,51.025016784668);
  Insert into typecity (typecityid,typeprovinceid,name,latitude,longitude) values (277,7,'Ø®Ø§Ø±Ú©',29.2380523681641,50.3193054199219);
  Insert into typecity (typecityid,typeprovinceid,name,latitude,longitude) values (278,7,'Ø®ÙˆØ±Ù…ÙˆØ¬',28.6271820068359,51.3825225830078);
  Insert into typecity (typecityid,typeprovinceid,name,latitude,longitude) values (279,7,'Ø¯Ø§Ù„Ú©ÛŒ',29.4292411804199,51.2911491394043);
  Insert into typecity (typecityid,typeprovinceid,name,latitude,longitude) values (280,7,'Ø¯Ù„ÙˆØ§Ø±',28.7459945678711,51.070182800293);
  Insert into typecity (typecityid,typeprovinceid,name,latitude,longitude) values (281,7,'Ø±ÛŒØ²',28.0555763244629,52.0770797729492);
  Insert into typecity (typecityid,typeprovinceid,name,latitude,longitude) values (282,7,'Ø³Ø¹Ø¯Ø¢Ø¨Ø§Ø¯',29.3841953277588,51.116641998291);
  Insert into typecity (typecityid,typeprovinceid,name,latitude,longitude) values (283,7,'Ø³ÛŒØ±Ø§Ù�',27.6681728363037,52.3388481140137);
  Insert into typecity (typecityid,typeprovinceid,name,latitude,longitude) values (284,7,'Ø´Ø¨Ø§Ù†Ú©Ø§Ø±Ù‡',29.4725437164307,50.9940643310547);
  Insert into typecity (typecityid,typeprovinceid,name,latitude,longitude) values (285,7,'Ø´Ù†Ø¨Ù‡',28.3949813842773,51.764030456543);
  Insert into typecity (typecityid,typeprovinceid,name,latitude,longitude) values (286,7,'Ø¹Ø³Ù„ÙˆÛŒÙ‡',27.4757614135742,52.6081085205078);
  Insert into typecity (typecityid,typeprovinceid,name,latitude,longitude) values (287,7,'Ú©Ø§Ú©ÛŒ',28.3402099609375,51.5226783752441);
  Insert into typecity (typecityid,typeprovinceid,name,latitude,longitude) values (288,7,'Ú©Ù„Ù…Ù‡',28.9435176849365,51.4593315124512);
  Insert into typecity (typecityid,typeprovinceid,name,latitude,longitude) values (289,7,'Ù†Ø®Ù„ ØªÙ‚ÛŒ',27.4970149993896,52.5839881896973);
  Insert into typecity (typecityid,typeprovinceid,name,latitude,longitude) values (290,7,'ÙˆØ­Ø¯ØªÛŒÙ‡',29.4829578399658,51.2363777160645);
  Insert into typecity (typecityid,typeprovinceid,name,latitude,longitude) values (291,8,'Ø§Ø±Ø¬Ù…Ù†Ø¯',35.8140182495117,52.5138244628906);
  Insert into typecity (typecityid,typeprovinceid,name,latitude,longitude) values (292,8,'Ø§Ø³Ù„Ø§Ù…Ø´Ù‡Ø±',35.5010452270508,51.2255477905273);
  Insert into typecity (typecityid,typeprovinceid,name,latitude,longitude) values (293,8,'Ø§Ù†Ø¯ÛŒØ´Ù‡',35.6873931884766,51.0223922729492);
  Insert into typecity (typecityid,typeprovinceid,name,latitude,longitude) values (294,8,'Ø¢Ø¨Ø³Ø±Ø¯',35.6217079162598,52.1501274108887);
  Insert into typecity (typecityid,typeprovinceid,name,latitude,longitude) values (295,8,'Ø¢Ø¨Ø¹Ù„ÛŒ',35.7596244812012,51.9629592895508);
  Insert into typecity (typecityid,typeprovinceid,name,latitude,longitude) values (296,8,'Ø¨Ø§ØºØ³ØªØ§Ù†',35.6345520019531,51.1331520080566);
  Insert into typecity (typecityid,typeprovinceid,name,latitude,longitude) values (297,8,'Ø¨Ø§Ù‚Ø±Ø´Ù‡Ø±',35.5262451171875,51.4030609130859);
  Insert into typecity (typecityid,typeprovinceid,name,latitude,longitude) values (298,8,'Ø¨ÙˆÙ…Ù‡Ù†',35.7278480529785,51.8688316345215);
  Insert into typecity (typecityid,typeprovinceid,name,latitude,longitude) values (299,8,'Ù¾Ø§Ú©Ø¯Ø´Øª',35.4743118286133,51.6757011413574);
  Insert into typecity (typecityid,typeprovinceid,name,latitude,longitude) values (300,8,'Ù¾Ø±Ø¯ÛŒØ³',35.7423477172852,51.8214073181152);
  Insert into typecity (typecityid,typeprovinceid,name,latitude,longitude) values (301,8,'Ù¾ÛŒØ´ÙˆØ§',35.3055534362793,51.7224388122559);
  Insert into typecity (typecityid,typeprovinceid,name,latitude,longitude) values (302,8,'ØªØ¬Ø±ÛŒØ´',35.8103790283203,51.4647598266602);
  Insert into typecity (typecityid,typeprovinceid,name,latitude,longitude) values (303,8,'ØªÙ‡Ø±Ø§Ù†',35.7029075622559,51.3497581481934);
  Insert into typecity (typecityid,typeprovinceid,name,latitude,longitude) values (304,8,'Ø¬ÙˆØ§Ø¯Ø¢Ø¨Ø§Ø¯',35.2108612060547,51.6731834411621);
  Insert into typecity (typecityid,typeprovinceid,name,latitude,longitude) values (305,8,'Ú†Ù‡Ø§Ø±Ø¯Ø§Ù†Ú¯Ù‡',35.5963745117187,51.3045654296875);
  Insert into typecity (typecityid,typeprovinceid,name,latitude,longitude) values (306,8,'Ø­Ø³Ù† Ø¢Ø¨Ø§Ø¯',35.3676567077637,51.2429885864258);
  Insert into typecity (typecityid,typeprovinceid,name,latitude,longitude) values (307,8,'Ø¯Ù…Ø§ÙˆÙ†Ø¯',35.6939544677734,52.0472183227539);
  Insert into typecity (typecityid,typeprovinceid,name,latitude,longitude) values (308,8,'Ø±Ø¨Ø§Ø· Ú©Ø±ÛŒÙ…',35.4832000732422,51.0799140930176);
  Insert into typecity (typecityid,typeprovinceid,name,latitude,longitude) values (309,8,'Ø±ÙˆØ¯Ù‡Ù†',35.7376098632812,51.9104232788086);
  Insert into typecity (typecityid,typeprovinceid,name,latitude,longitude) values (310,8,'Ø±ÛŒ',35.6031913757324,51.4387092590332);
  Insert into typecity (typecityid,typeprovinceid,name,latitude,longitude) values (311,8,'Ø´Ø§Ù‡Ø¯Ø´Ù‡Ø±',35.5718612670898,51.0873832702637);
  Insert into typecity (typecityid,typeprovinceid,name,latitude,longitude) values (312,8,'Ø´Ø±ÛŒÙ� Ø¢Ø¨Ø§Ø¯',35.4223403930664,51.7859191894531);
  Insert into typecity (typecityid,typeprovinceid,name,latitude,longitude) values (313,8,'Ø´Ù‡Ø±ÛŒØ§Ø±',35.6330146789551,51.0597038269043);
  Insert into typecity (typecityid,typeprovinceid,name,latitude,longitude) values (314,8,'ØµØ§Ù„Ø­ Ø¢Ø¨Ø§Ø¯',35.504940032959,51.189136505127);
  Insert into typecity (typecityid,typeprovinceid,name,latitude,longitude) values (315,8,'ØµØ¨Ø§Ø´Ù‡Ø±',35.5787582397461,51.1142654418945);
  Insert into typecity (typecityid,typeprovinceid,name,latitude,longitude) values (316,8,'ØµÙ�Ø§Ø¯Ø´Øª',35.6913528442383,50.8406944274902);
  Insert into typecity (typecityid,typeprovinceid,name,latitude,longitude) values (317,8,'Ù�Ø±Ø¯ÙˆØ³ÛŒÙ‡',35.6019287109375,51.0632095336914);
  Insert into typecity (typecityid,typeprovinceid,name,latitude,longitude) values (318,8,'Ù�Ø±ÙˆÙ† Ø¢Ø¨Ø§Ø¯',35.5052719116211,51.627082824707);
  Insert into typecity (typecityid,typeprovinceid,name,latitude,longitude) values (319,8,'Ù�Ø´Ù…',35.9017333984375,51.5198364257813);
  Insert into typecity (typecityid,typeprovinceid,name,latitude,longitude) values (320,8,'Ù�ÛŒØ±ÙˆØ²Ú©ÙˆÙ‡',35.7545585632324,52.7738723754883);
  Insert into typecity (typecityid,typeprovinceid,name,latitude,longitude) values (321,8,'Ù‚Ø¯Ø³',35.7124824523926,51.1128921508789);
  Insert into typecity (typecityid,typeprovinceid,name,latitude,longitude) values (322,8,'Ù‚Ø±Ú†Ú©',35.4157943725586,51.5866737365723);
  Insert into typecity (typecityid,typeprovinceid,name,latitude,longitude) values (323,8,'Ú©Ù‡Ø±ÛŒØ²Ú©',35.5238151550293,51.3551025390625);
  Insert into typecity (typecityid,typeprovinceid,name,latitude,longitude) values (324,8,'Ú©ÛŒÙ„Ø§Ù†',35.5561485290527,52.1628723144531);
  Insert into typecity (typecityid,typeprovinceid,name,latitude,longitude) values (325,8,'Ú¯Ù„Ø³ØªØ§Ù†',35.5160102844238,51.1621894836426);
  Insert into typecity (typecityid,typeprovinceid,name,latitude,longitude) values (326,8,'Ù„ÙˆØ§Ø³Ø§Ù†',35.8194007873535,51.6372909545899);
  Insert into typecity (typecityid,typeprovinceid,name,latitude,longitude) values (327,8,'Ù…Ù„Ø§Ø±Ø¯',35.6547012329102,50.979175567627);
  Insert into typecity (typecityid,typeprovinceid,name,latitude,longitude) values (328,8,'Ù†Ø³ÛŒÙ… Ø´Ù‡Ø±',35.5586891174316,51.169490814209);
  Insert into typecity (typecityid,typeprovinceid,name,latitude,longitude) values (329,8,'Ù†ØµÛŒØ±Ø¢Ø¨Ø§Ø¯',35.4901885986328,51.1410446166992);
  Insert into typecity (typecityid,typeprovinceid,name,latitude,longitude) values (330,8,'ÙˆØ­ÛŒØ¯ÛŒÙ‡',35.6052207946777,51.0261039733887);
  Insert into typecity (typecityid,typeprovinceid,name,latitude,longitude) values (331,8,'ÙˆØ±Ø§Ù…ÛŒÙ†',35.3293952941895,51.6346855163574);
  Insert into typecity (typecityid,typeprovinceid,name,latitude,longitude) values (332,9,'Ø§Ø±Ø¯Ù„',31.9978656768799,50.6614532470703);
  Insert into typecity (typecityid,typeprovinceid,name,latitude,longitude) values (333,9,'Ø¢Ù„ÙˆÙ†ÛŒ',31.5522041320801,51.057014465332);
  Insert into typecity (typecityid,typeprovinceid,name,latitude,longitude) values (334,9,'Ø¨Ø§Ø¨Ø§Ø­ÛŒØ¯Ø±',32.3289451599121,50.4688758850098);
  Insert into typecity (typecityid,typeprovinceid,name,latitude,longitude) values (335,9,'Ø¨Ø±ÙˆØ¬Ù†',31.9667949676514,51.2894248962402);
  Insert into typecity (typecityid,typeprovinceid,name,latitude,longitude) values (336,9,'Ø¨Ù„Ø¯Ø§Ø¬ÛŒ',31.9370422363281,51.0526123046875);
  Insert into typecity (typecityid,typeprovinceid,name,latitude,longitude) values (337,9,'Ø¨Ù†',32.542781829834,50.746208190918);
  Insert into typecity (typecityid,typeprovinceid,name,latitude,longitude) values (338,9,'Ø¬ÙˆÙ†Ù‚Ø§Ù†',32.1429557800293,50.6865997314453);
  Insert into typecity (typecityid,typeprovinceid,name,latitude,longitude) values (339,9,'Ú†Ù„Ú¯Ø±Ø¯',32.4672775268555,50.1300430297852);
  Insert into typecity (typecityid,typeprovinceid,name,latitude,longitude) values (340,9,'Ø³Ø§Ù…Ø§Ù†',32.4515762329102,50.910457611084);
  Insert into typecity (typecityid,typeprovinceid,name,latitude,longitude) values (341,9,'Ø³Ù�ÛŒØ¯Ø¯Ø´Øª',32.1297721862793,51.1828765869141);
  Insert into typecity (typecityid,typeprovinceid,name,latitude,longitude) values (342,9,'Ø³ÙˆØ¯Ø¬Ø§Ù†',32.521125793457,50.4003562927246);
  Insert into typecity (typecityid,typeprovinceid,name,latitude,longitude) values (343,9,'Ø³ÙˆØ±Ø´Ø¬Ø§Ù†',32.3158149719238,50.6788520812988);
  Insert into typecity (typecityid,typeprovinceid,name,latitude,longitude) values (344,9,'Ø´Ù„Ù…Ø²Ø§Ø±',32.0466194152832,50.8170471191406);
  Insert into typecity (typecityid,typeprovinceid,name,latitude,longitude) values (345,9,'Ø´Ù‡Ø±Ú©Ø±Ø¯',32.3161811828613,50.8582038879395);
  Insert into typecity (typecityid,typeprovinceid,name,latitude,longitude) values (346,9,'Ø·Ø§Ù‚Ø§Ù†Ú©',32.2231254577637,50.8369407653809);
  Insert into typecity (typecityid,typeprovinceid,name,latitude,longitude) values (347,9,'Ù�Ø§Ø±Ø³Ø§Ù†',32.2572975158691,50.5656776428223);
  Insert into typecity (typecityid,typeprovinceid,name,latitude,longitude) values (348,9,'Ù�Ø±Ø§Ø¯Ù†Ø¨Ù‡',32.0085716247559,51.2147483825684);
  Insert into typecity (typecityid,typeprovinceid,name,latitude,longitude) values (349,9,'Ù�Ø±Ø® Ø´Ù‡Ø±',32.273983001709,50.9729461669922);
  Insert into typecity (typecityid,typeprovinceid,name,latitude,longitude) values (350,9,'Ú©ÛŒØ§Ù†',32.2833137512207,50.8891754150391);
  Insert into typecity (typecityid,typeprovinceid,name,latitude,longitude) values (351,9,'Ú¯Ù†Ø¯Ù…Ø§Ù†',31.8630504608154,51.1533851623535);
  Insert into typecity (typecityid,typeprovinceid,name,latitude,longitude) values (352,9,'Ú¯Ù‡Ø±Ùˆ',32.0015258789063,50.886287689209);
  Insert into typecity (typecityid,typeprovinceid,name,latitude,longitude) values (353,9,'Ù„Ø±Ø¯Ú¯Ø§Ù†',31.5108184814453,50.8300895690918);
  Insert into typecity (typecityid,typeprovinceid,name,latitude,longitude) values (354,9,'Ù…Ø§Ù„ Ø®Ù„ÛŒÙ�Ù‡',31.2898597717285,51.2654075622559);
  Insert into typecity (typecityid,typeprovinceid,name,latitude,longitude) values (355,9,'Ù†Ø§ØºØ§Ù†',31.9343223571777,50.7306022644043);
  Insert into typecity (typecityid,typeprovinceid,name,latitude,longitude) values (356,9,'Ù†Ø§Ù�Ú†',32.4240951538086,50.7884368896484);
  Insert into typecity (typecityid,typeprovinceid,name,latitude,longitude) values (357,9,'Ù†Ù‚Ù†Ù‡',31.932336807251,51.3288421630859);
  Insert into typecity (typecityid,typeprovinceid,name,latitude,longitude) values (358,9,'Ù‡Ù�Ø´Ø¬Ø§Ù†',32.2255935668945,50.7946319580078);
  Insert into typecity (typecityid,typeprovinceid,name,latitude,longitude) values (359,10,'Ø§Ø±Ø³Ú©',33.7036666870117,57.3718185424805);
  Insert into typecity (typecityid,typeprovinceid,name,latitude,longitude) values (360,10,'Ø§Ø³Ø¯ÛŒÙ‡',32.9159278869629,60.0244903564453);
  Insert into typecity (typecityid,typeprovinceid,name,latitude,longitude) values (361,10,'Ø§Ø³Ù�Ø¯Ù†',33.6452674865723,59.7787857055664);
  Insert into typecity (typecityid,typeprovinceid,name,latitude,longitude) values (362,10,'Ø§Ø³Ù„Ø§Ù…ÛŒÙ‡',34.0423126220703,58.2200088500977);
  Insert into typecity (typecityid,typeprovinceid,name,latitude,longitude) values (363,10,'Ø¢Ø±ÛŒÙ† Ø´Ù‡Ø±',33.3311004638672,59.2329978942871);
  Insert into typecity (typecityid,typeprovinceid,name,latitude,longitude) values (364,10,'Ø¢ÛŒØ³Ú©',33.8866500854492,58.3815956115723);
  Insert into typecity (typecityid,typeprovinceid,name,latitude,longitude) values (365,10,'Ø¨Ø´Ø±ÙˆÛŒÙ‡',33.8528137207031,57.4224433898926);
  Insert into typecity (typecityid,typeprovinceid,name,latitude,longitude) values (366,10,'Ø¨ÛŒØ±Ø¬Ù†Ø¯',32.85693359375,59.2195472717285);
  Insert into typecity (typecityid,typeprovinceid,name,latitude,longitude) values (367,10,'Ø­Ø§Ø¬ÛŒ Ø¢Ø¨Ø§Ø¯',33.6046752929687,59.9975357055664);
  Insert into typecity (typecityid,typeprovinceid,name,latitude,longitude) values (368,10,'Ø®Ø¶Ø±ÛŒ Ø¯Ø´Øª Ø¨ÛŒØ§Ø¶',34.02294921875,58.8065414428711);
  Insert into typecity (typecityid,typeprovinceid,name,latitude,longitude) values (369,10,'Ø®ÙˆØ³Ù�',32.7791709899902,58.8858642578125);
  Insert into typecity (typecityid,typeprovinceid,name,latitude,longitude) values (370,10,'Ø²Ù‡Ø§Ù†',33.4197387695312,59.8108901977539);
  Insert into typecity (typecityid,typeprovinceid,name,latitude,longitude) values (371,10,'Ø³Ø±Ø§ÛŒØ§Ù†',33.8603744506836,58.5223197937012);
  Insert into typecity (typecityid,typeprovinceid,name,latitude,longitude) values (372,10,'Ø³Ø±Ø¨ÛŒØ´Ù‡',32.576358795166,59.7983474731445);
  Insert into typecity (typecityid,typeprovinceid,name,latitude,longitude) values (373,10,'Ø³Ù‡ Ù‚Ù„Ø¹Ù‡',33.6664695739746,58.3994026184082);
  Insert into typecity (typecityid,typeprovinceid,name,latitude,longitude) values (374,10,'Ø´ÙˆØ³Ù�',31.803337097168,60.0088691711426);
  Insert into typecity (typecityid,typeprovinceid,name,latitude,longitude) values (375,10,'Ø·Ø¨Ø³ Ù…Ø³ÛŒÙ†Ø§',32.801082611084,60.2229385375977);
  Insert into typecity (typecityid,typeprovinceid,name,latitude,longitude) values (376,10,'Ù�Ø±Ø¯ÙˆØ³',34.0180778503418,58.1723861694336);
  Insert into typecity (typecityid,typeprovinceid,name,latitude,longitude) values (377,10,'Ù‚Ø§Ø¦Ù†',33.7294464111328,59.1809043884277);
  Insert into typecity (typecityid,typeprovinceid,name,latitude,longitude) values (378,10,'Ù‚Ù‡Ø³ØªØ§Ù†',33.1463317871094,59.7157897949219);
  Insert into typecity (typecityid,typeprovinceid,name,latitude,longitude) values (379,10,'Ú¯Ø²ÛŒÚ©',33.000301361084,60.2225608825684);
  Insert into typecity (typecityid,typeprovinceid,name,latitude,longitude) values (380,10,'Ù…Ø­Ù…Ø¯Ø´Ù‡Ø±',32.8749847412109,59.0177345275879);
  Insert into typecity (typecityid,typeprovinceid,name,latitude,longitude) values (381,10,'Ù…ÙˆØ¯',32.7053298950195,59.5241508483887);
  Insert into typecity (typecityid,typeprovinceid,name,latitude,longitude) values (382,10,'Ù†Ù‡Ø¨Ù†Ø¯Ø§Ù†',31.5407867431641,60.0378074645996);
  Insert into typecity (typecityid,typeprovinceid,name,latitude,longitude) values (383,10,'Ù†ÛŒÙ…Ø¨Ù„ÙˆÚ©',33.9011001586914,58.9294319152832);
  Insert into typecity (typecityid,typeprovinceid,name,latitude,longitude) values (384,11,'Ø§Ø­Ù…Ø¯Ø¢Ø¨Ø§Ø¯ØµÙˆÙ„Øª',35.1155395507813,60.689380645752);
  Insert into typecity (typecityid,typeprovinceid,name,latitude,longitude) values (385,11,'Ø§Ù†Ø§Ø¨Ø¯',35.2511215209961,57.8098602294922);
  Insert into typecity (typecityid,typeprovinceid,name,latitude,longitude) values (386,11,'Ø¨Ø§Ø¬Ú¯ÛŒØ±Ø§Ù†',37.6241149902344,58.4152908325195);
  Insert into typecity (typecityid,typeprovinceid,name,latitude,longitude) values (387,11,'Ø¨Ø§Ø®Ø±Ø²',34.9832916259766,60.3187561035156);
  Insert into typecity (typecityid,typeprovinceid,name,latitude,longitude) values (388,11,'Ø¨Ø§Ø±',36.4888763427734,58.7191543579102);
  Insert into typecity (typecityid,typeprovinceid,name,latitude,longitude) values (389,11,'Ø¨Ø§ÛŒÚ¯',35.3751373291016,59.0397071838379);
  Insert into typecity (typecityid,typeprovinceid,name,latitude,longitude) values (390,11,'Ø¨Ø¬Ø³ØªØ§Ù†',34.5154876708984,58.1818618774414);
  Insert into typecity (typecityid,typeprovinceid,name,latitude,longitude) values (391,11,'Ø¨Ø±Ø¯Ø³Ú©Ù†',35.2602806091309,57.9720497131348);
  Insert into typecity (typecityid,typeprovinceid,name,latitude,longitude) values (392,11,'Ø¨ÛŒØ¯Ø®Øª',34.3462905883789,58.7573356628418);
  Insert into typecity (typecityid,typeprovinceid,name,latitude,longitude) values (393,11,'ØªØ§ÛŒØ¨Ø§Ø¯',34.7398376464844,60.7771377563477);
  Insert into typecity (typecityid,typeprovinceid,name,latitude,longitude) values (394,11,'ØªØ±Ø¨Øª Ø¬Ø§Ù…',35.2416458129883,60.6216163635254);
  Insert into typecity (typecityid,typeprovinceid,name,latitude,longitude) values (395,11,'ØªØ±Ø¨Øª Ø­ÛŒØ¯Ø±ÛŒÙ‡',35.2784576416016,59.213020324707);
  Insert into typecity (typecityid,typeprovinceid,name,latitude,longitude) values (396,11,'Ø¬ØºØªØ§ÛŒ',36.6396522521973,57.077205657959);
  Insert into typecity (typecityid,typeprovinceid,name,latitude,longitude) values (397,11,'Ø¬Ù†Ú¯Ù„',34.7016372680664,59.2234687805176);
  Insert into typecity (typecityid,typeprovinceid,name,latitude,longitude) values (398,11,'Ú†Ø§Ù¾Ø´Ù„Ùˆ',37.3474235534668,59.0771827697754);
  Insert into typecity (typecityid,typeprovinceid,name,latitude,longitude) values (399,11,'Ú†Ú©Ù†Ù‡',36.8179702758789,58.5041961669922);
  Insert into typecity (typecityid,typeprovinceid,name,latitude,longitude) values (400,11,'Ú†Ù†Ø§Ø±Ø§Ù†',36.6422805786133,59.1208381652832);
  Insert into typecity (typecityid,typeprovinceid,name,latitude,longitude) values (401,11,'Ø®Ø±Ùˆ',36.1364898681641,59.0270690917969);
  Insert into typecity (typecityid,typeprovinceid,name,latitude,longitude) values (402,11,'Ø®Ù„ÛŒÙ„ Ø¢Ø¨Ø§Ø¯',35.244987487793,58.2851638793945);
  Insert into typecity (typecityid,typeprovinceid,name,latitude,longitude) values (403,11,'Ø®ÙˆØ§Ù�',34.5628662109375,60.1442947387695);
  Insert into typecity (typecityid,typeprovinceid,name,latitude,longitude) values (404,11,'Ø¯Ø§ÙˆØ±Ø²Ù†',36.3512573242187,56.8780403137207);
  Insert into typecity (typecityid,typeprovinceid,name,latitude,longitude) values (405,11,'Ø¯Ø±Ú¯Ø²',37.444751739502,59.105712890625);
  Insert into typecity (typecityid,typeprovinceid,name,latitude,longitude) values (406,11,'Ø¯Ø±ÙˆØ¯',36.1357383728027,59.1123695373535);
  Insert into typecity (typecityid,typeprovinceid,name,latitude,longitude) values (407,11,'Ø¯ÙˆÙ„Øª Ø¢Ø¨Ø§Ø¯',35.2820816040039,59.5221214294434);
  Insert into typecity (typecityid,typeprovinceid,name,latitude,longitude) values (408,11,'Ø±Ø¨Ø§Ø· Ø³Ù†Ú¯',35.5446968078613,59.1941795349121);
  Insert into typecity (typecityid,typeprovinceid,name,latitude,longitude) values (409,11,'Ø±Ø´ØªØ®ÙˆØ§Ø±',34.9750671386719,59.623046875);
  Insert into typecity (typecityid,typeprovinceid,name,latitude,longitude) values (410,11,'Ø±Ø¶ÙˆÛŒÙ‡',36.2055015563965,59.7698516845703);
  Insert into typecity (typecityid,typeprovinceid,name,latitude,longitude) values (411,11,'Ø±ÙˆØ¯Ø§Ø¨',36.0208129882812,57.3124046325684);
  Insert into typecity (typecityid,typeprovinceid,name,latitude,longitude) values (412,11,'Ø±ÛŒÙˆØ´',35.4765243530273,58.4616928100586);
  Insert into typecity (typecityid,typeprovinceid,name,latitude,longitude) values (413,11,'Ø³Ø¨Ø²ÙˆØ§Ø±',36.2092132568359,57.6823196411133);
  Insert into typecity (typecityid,typeprovinceid,name,latitude,longitude) values (414,11,'Ø³Ø±Ø®Ø³',36.548656463623,61.1486015319824);
  Insert into typecity (typecityid,typeprovinceid,name,latitude,longitude) values (415,11,'Ø³Ù�ÛŒØ¯Ø³Ù†Ú¯',35.6600952148437,60.0933303833008);
  Insert into typecity (typecityid,typeprovinceid,name,latitude,longitude) values (416,11,'Ø³Ù„Ø§Ù…ÛŒ',34.7443695068359,59.9764709472656);
  Insert into typecity (typecityid,typeprovinceid,name,latitude,longitude) values (417,11,'Ø³Ù„Ø·Ø§Ù† Ø¢Ø¨Ø§Ø¯',36.4027976989746,58.0398902893066);
  Insert into typecity (typecityid,typeprovinceid,name,latitude,longitude) values (418,11,'Ø³Ù†Ú¯Ø§Ù†',34.3977737426758,60.2554779052734);
  Insert into typecity (typecityid,typeprovinceid,name,latitude,longitude) values (419,11,'Ø´Ø§Ø¯Ù…Ù‡Ø±',35.1734199523926,59.0379638671875);
  Insert into typecity (typecityid,typeprovinceid,name,latitude,longitude) values (420,11,'Ø´Ø§Ù†Ø¯ÛŒØ²',36.3952140808105,59.2981948852539);
  Insert into typecity (typecityid,typeprovinceid,name,latitude,longitude) values (421,11,'Ø´Ø´ØªÙ…Ø¯',35.9595794677734,57.7702255249023);
  Insert into typecity (typecityid,typeprovinceid,name,latitude,longitude) values (422,11,'Ø´Ù‡Ø±Ø¢Ø¨Ø§Ø¯',35.1469116210937,57.934871673584);
  Insert into typecity (typecityid,typeprovinceid,name,latitude,longitude) values (423,11,'Ø´Ù‡Ø±Ø²Ùˆ',36.746036529541,59.9242820739746);
  Insert into typecity (typecityid,typeprovinceid,name,latitude,longitude) values (424,11,'ØµØ§Ù„Ø­ Ø¢Ø¨Ø§Ø¯',35.6879920959473,61.0904541015625);
  Insert into typecity (typecityid,typeprovinceid,name,latitude,longitude) values (425,11,'Ø·Ø±Ù‚Ø¨Ù‡',36.3042984008789,59.3763275146484);
  Insert into typecity (typecityid,typeprovinceid,name,latitude,longitude) values (426,11,'Ø¹Ø´Ù‚ Ø¢Ø¨Ø§Ø¯',36.0394172668457,58.6832084655762);
  Insert into typecity (typecityid,typeprovinceid,name,latitude,longitude) values (427,11,'Ù�Ø±Ù‡Ø§Ø¯Ú¯Ø±Ø¯',35.7518272399902,59.7298851013184);
  Insert into typecity (typecityid,typeprovinceid,name,latitude,longitude) values (428,11,'Ù�Ø±ÛŒÙ…Ø§Ù†',35.7040328979492,59.8482780456543);
  Insert into typecity (typecityid,typeprovinceid,name,latitude,longitude) values (429,11,'Ù�ÛŒØ±ÙˆØ²Ù‡',36.2856063842773,58.5890197753906);
  Insert into typecity (typecityid,typeprovinceid,name,latitude,longitude) values (430,11,'Ù�ÛŒØ¶ Ø¢Ø¨Ø§Ø¯',35.0146217346191,58.7751235961914);
  Insert into typecity (typecityid,typeprovinceid,name,latitude,longitude) values (431,11,'Ù‚Ø§Ø³Ù… Ø¢Ø¨Ø§Ø¯',34.3556022644043,59.8619689941406);
  Insert into typecity (typecityid,typeprovinceid,name,latitude,longitude) values (432,11,'Ù‚Ø¯Ù…Ú¯Ø§Ù‡',36.1058921813965,59.0604667663574);
  Insert into typecity (typecityid,typeprovinceid,name,latitude,longitude) values (433,11,'Ù‚Ù„Ù†Ø¯Ø±Ø¢Ø¨Ø§Ø¯',35.5989685058594,59.951042175293);
  Insert into typecity (typecityid,typeprovinceid,name,latitude,longitude) values (434,11,'Ù‚ÙˆÚ†Ø§Ù†',37.102367401123,58.510871887207);
  Insert into typecity (typecityid,typeprovinceid,name,latitude,longitude) values (435,11,'Ú©Ø§Ø®Ú©',34.1486740112305,58.6445121765137);
  Insert into typecity (typecityid,typeprovinceid,name,latitude,longitude) values (436,11,'Ú©Ø§Ø±ÛŒØ²',34.8136367797852,60.825382232666);
  Insert into typecity (typecityid,typeprovinceid,name,latitude,longitude) values (437,11,'Ú©Ø§Ø´Ù…Ø±',35.2427597045898,58.4598808288574);
  Insert into typecity (typecityid,typeprovinceid,name,latitude,longitude) values (438,11,'Ú©Ø¯Ú©Ù†',35.5858345031738,58.8789710998535);
  Insert into typecity (typecityid,typeprovinceid,name,latitude,longitude) values (439,11,'Ú©Ù„Ø§Øª',36.9945602416992,59.7498817443848);
  Insert into typecity (typecityid,typeprovinceid,name,latitude,longitude) values (440,11,'Ú©Ù†Ø¯Ø±',35.212459564209,58.1507797241211);
  Insert into typecity (typecityid,typeprovinceid,name,latitude,longitude) values (441,11,'Ú¯Ù„Ù…Ú©Ø§Ù†',36.482105255127,59.1594924926758);
  Insert into typecity (typecityid,typeprovinceid,name,latitude,longitude) values (442,11,'Ú¯Ù†Ø§Ø¨Ø§Ø¯',34.351749420166,58.6857109069824);
  Insert into typecity (typecityid,typeprovinceid,name,latitude,longitude) values (443,11,'Ù„Ø·Ù� Ø¢Ø¨Ø§Ø¯',37.5152320861816,59.3347320556641);
  Insert into typecity (typecityid,typeprovinceid,name,latitude,longitude) values (444,11,'Ù…Ø²Ø¯Ø¢ÙˆÙ†Ø¯',36.1546516418457,60.5276298522949);
  Insert into typecity (typecityid,typeprovinceid,name,latitude,longitude) values (445,11,'Ù…Ø´Ù‡Ø¯',36.310432434082,59.5756721496582);
  Insert into typecity (typecityid,typeprovinceid,name,latitude,longitude) values (446,11,'Ù…Ø´Ù‡Ø¯Ø±ÛŒØ²Ù‡',34.7951889038086,60.5076179504395);
  Insert into typecity (typecityid,typeprovinceid,name,latitude,longitude) values (447,11,'Ù…Ù„Ú© Ø¢Ø¨Ø§Ø¯',35.9965972900391,59.5935859680176);
  Insert into typecity (typecityid,typeprovinceid,name,latitude,longitude) values (448,11,'Ù†Ø´ØªÛŒÙ�Ø§Ù†',34.4343605041504,60.1764221191406);
  Insert into typecity (typecityid,typeprovinceid,name,latitude,longitude) values (449,11,'Ù†ØµØ±Ø¢Ø¨Ø§Ø¯',35.4180755615234,60.3153991699219);
  Insert into typecity (typecityid,typeprovinceid,name,latitude,longitude) values (450,11,'Ù†Ù‚Ø§Ø¨',36.7085456848145,57.4081573486328);
  Insert into typecity (typecityid,typeprovinceid,name,latitude,longitude) values (451,11,'Ù†ÙˆØ®Ù†Ø¯Ø§Ù†',37.5193481445312,58.9889144897461);
  Insert into typecity (typecityid,typeprovinceid,name,latitude,longitude) values (452,11,'Ù†ÛŒØ´Ø§Ø¨ÙˆØ±',36.2079277038574,58.7940292358398);
  Insert into typecity (typecityid,typeprovinceid,name,latitude,longitude) values (453,11,'Ù†ÛŒÙ„ Ø´Ù‡Ø±',35.1228561401367,60.7731323242188);
  Insert into typecity (typecityid,typeprovinceid,name,latitude,longitude) values (454,11,'Ù‡Ù…Øª Ø¢Ø¨Ø§Ø¯',36.2977828979492,58.4641571044922);
  Insert into typecity (typecityid,typeprovinceid,name,latitude,longitude) values (455,11,'ÛŒÙˆÙ†Ø³ÛŒ',34.8053817749023,58.4372138977051);
  Insert into typecity (typecityid,typeprovinceid,name,latitude,longitude) values (456,12,'Ø§Ø³Ù�Ø±Ø§ÛŒÙ†',37.0726661682129,57.5096626281738);
  Insert into typecity (typecityid,typeprovinceid,name,latitude,longitude) values (457,12,'Ø§ÛŒÙˆØ±',36.9688110351562,56.2607841491699);
  Insert into typecity (typecityid,typeprovinceid,name,latitude,longitude) values (458,12,'Ø¢Ø´Ø®Ø§Ù†Ù‡',37.558177947998,56.9239616394043);
  Insert into typecity (typecityid,typeprovinceid,name,latitude,longitude) values (459,12,'Ø¨Ø¬Ù†ÙˆØ±Ø¯',37.4467887878418,57.3274574279785);
  Insert into typecity (typecityid,typeprovinceid,name,latitude,longitude) values (460,12,'Ù¾ÛŒØ´ Ù‚Ù„Ø¹Ù‡',37.6486015319824,57.0014762878418);
  Insert into typecity (typecityid,typeprovinceid,name,latitude,longitude) values (461,12,'ØªÛŒØªÚ©Ø§Ù†Ù„Ùˆ',37.2805557250977,58.2895126342774);
  Insert into typecity (typecityid,typeprovinceid,name,latitude,longitude) values (462,12,'Ø¬Ø§Ø¬Ø±Ù…',36.9556427001953,56.3577766418457);
  Insert into typecity (typecityid,typeprovinceid,name,latitude,longitude) values (463,12,'Ø­ØµØ§Ø±Ú¯Ø±Ù…Ø®Ø§Ù†',37.5158538818359,57.4848861694336);
  Insert into typecity (typecityid,typeprovinceid,name,latitude,longitude) values (464,12,'Ø¯Ø±Ù‚',36.9720687866211,56.2145004272461);
  Insert into typecity (typecityid,typeprovinceid,name,latitude,longitude) values (465,12,'Ø±Ø§Ø²',37.934455871582,57.1075477600098);
  Insert into typecity (typecityid,typeprovinceid,name,latitude,longitude) values (466,12,'Ø³Ù†Ø®ÙˆØ§Ø³Øª',37.0999031066895,56.8515586853027);
  Insert into typecity (typecityid,typeprovinceid,name,latitude,longitude) values (467,12,'Ø´ÙˆÙ‚Ø§Ù†',37.3416366577148,56.8870811462402);
  Insert into typecity (typecityid,typeprovinceid,name,latitude,longitude) values (468,12,'Ø´ÛŒØ±ÙˆØ§Ù†',37.4015159606934,57.9241676330566);
  Insert into typecity (typecityid,typeprovinceid,name,latitude,longitude) values (469,12,'ØµÙ�ÛŒ Ø¢Ø¨Ø§Ø¯',36.6955032348633,57.9270248413086);
  Insert into typecity (typecityid,typeprovinceid,name,latitude,longitude) values (470,12,'Ù�Ø§Ø±ÙˆØ¬',37.2236938476563,58.2189064025879);
  Insert into typecity (typecityid,typeprovinceid,name,latitude,longitude) values (471,12,'Ù‚Ø§Ø¶ÛŒ',37.4950065612793,56.7486572265625);
  Insert into typecity (typecityid,typeprovinceid,name,latitude,longitude) values (472,12,'Ú¯Ø±Ù…Ù‡',36.9785194396973,56.3015403747559);
  Insert into typecity (typecityid,typeprovinceid,name,latitude,longitude) values (473,12,'Ù„ÙˆØ¬Ù„ÛŒ',37.6070404052734,57.8576354980469);
  Insert into typecity (typecityid,typeprovinceid,name,latitude,longitude) values (474,13,'Ø§Ø±ÙˆÙ†Ø¯Ú©Ù†Ø§Ø±',29.9780826568603,48.5168266296387);
  Insert into typecity (typecityid,typeprovinceid,name,latitude,longitude) values (475,13,'Ø§Ù„ÙˆØ§Ù†',31.8741016387939,48.3411140441895);
  Insert into typecity (typecityid,typeprovinceid,name,latitude,longitude) values (476,13,'Ø§Ù…ÛŒØ¯ÛŒÙ‡',30.7556076049805,49.7122497558594);
  Insert into typecity (typecityid,typeprovinceid,name,latitude,longitude) values (477,13,'Ø§Ù†Ø¯ÛŒÙ…Ø´Ú©',32.4246444702148,48.3731002807617);
  Insert into typecity (typecityid,typeprovinceid,name,latitude,longitude) values (478,13,'Ø§Ù‡ÙˆØ§Ø²',31.2420139312744,48.671272277832);
  Insert into typecity (typecityid,typeprovinceid,name,latitude,longitude) values (479,13,'Ø§ÛŒØ°Ù‡',31.8306846618652,49.8649368286133);
  Insert into typecity (typecityid,typeprovinceid,name,latitude,longitude) values (480,13,'Ø¢Ø¨Ø§Ø¯Ø§Ù†',30.3560085296631,48.2800521850586);
  Insert into typecity (typecityid,typeprovinceid,name,latitude,longitude) values (481,13,'Ø¢ØºØ§Ø¬Ø§Ø±ÛŒ',30.6997203826904,49.8297691345215);
  Insert into typecity (typecityid,typeprovinceid,name,latitude,longitude) values (482,13,'Ø¨Ø§Øº Ù…Ù„Ú©',31.5133056640625,49.890495300293);
  Insert into typecity (typecityid,typeprovinceid,name,latitude,longitude) values (483,13,'Ø¨Ø³ØªØ§Ù†',31.7216396331787,47.9811477661133);
  Insert into typecity (typecityid,typeprovinceid,name,latitude,longitude) values (484,13,'Ø¨Ù†Ø¯Ø±Ø§Ù…Ø§Ù… Ø®Ù…ÛŒÙ†ÛŒ',30.43869972229,49.0756721496582);
  Insert into typecity (typecityid,typeprovinceid,name,latitude,longitude) values (485,13,'Ø¨Ù†Ø¯Ø±Ù…Ø§Ù‡Ø´Ù‡Ø±',30.4694690704346,49.1800079345703);
  Insert into typecity (typecityid,typeprovinceid,name,latitude,longitude) values (486,13,'Ø¨Ù‡Ø¨Ù‡Ø§Ù†',30.596263885498,50.2416076660156);
  Insert into typecity (typecityid,typeprovinceid,name,latitude,longitude) values (487,13,'ØªØ±Ú©Ø§Ù„Ú©ÛŒ',32.24267578125,48.846321105957);
  Insert into typecity (typecityid,typeprovinceid,name,latitude,longitude) values (488,13,'Ø¬Ø§ÛŒØ²Ø§Ù†',30.8749504089355,49.854434967041);
  Insert into typecity (typecityid,typeprovinceid,name,latitude,longitude) values (489,13,'Ø¬Ù†Øª Ù…Ú©Ø§Ù†',32.1843070983887,48.8161468505859);
  Insert into typecity (typecityid,typeprovinceid,name,latitude,longitude) values (490,13,'Ú†ØºØ§Ù…ÛŒØ´',32.2094802856445,48.5455551147461);
  Insert into typecity (typecityid,typeprovinceid,name,latitude,longitude) values (491,13,'Ú†Ù…Ø±Ø§Ù†',30.7135639190674,49.1768684387207);
  Insert into typecity (typecityid,typeprovinceid,name,latitude,longitude) values (492,13,'Ú†ÙˆØ¦Ø¨Ø¯Ù‡',30.2000465393066,48.5531883239746);
  Insert into typecity (typecityid,typeprovinceid,name,latitude,longitude) values (493,13,'Ø­Ø±',32.1442184448242,48.3905258178711);
  Insert into typecity (typecityid,typeprovinceid,name,latitude,longitude) values (494,13,'Ø­Ø³ÛŒÙ†ÛŒÙ‡',32.6633529663086,48.2456207275391);
  Insert into typecity (typecityid,typeprovinceid,name,latitude,longitude) values (495,13,'Ø­Ù…Ø²Ù‡',32.3962249755859,48.578540802002);
  Insert into typecity (typecityid,typeprovinceid,name,latitude,longitude) values (496,13,'Ø­Ù…ÛŒØ¯ÛŒÙ‡',31.4816207885742,48.4323997497559);
  Insert into typecity (typecityid,typeprovinceid,name,latitude,longitude) values (497,13,'Ø®Ø±Ù…Ø´Ù‡Ø±',30.4448184967041,48.1787910461426);
  Insert into typecity (typecityid,typeprovinceid,name,latitude,longitude) values (498,13,'Ø¯Ø§Ø±Ø®ÙˆÛŒÙ†',30.7449321746826,48.4292488098145);
  Insert into typecity (typecityid,typeprovinceid,name,latitude,longitude) values (499,13,'Ø¯Ø²Ø¢Ø¨',32.2879066467285,48.4282379150391);
  Insert into typecity (typecityid,typeprovinceid,name,latitude,longitude) values (500,13,'Ø¯Ø²Ù�ÙˆÙ„',32.3788948059082,48.4193000793457);
  Insert into typecity (typecityid,typeprovinceid,name,latitude,longitude) values (501,13,'Ø¯Ù‡Ø¯Ø²',31.7099552154541,50.2885284423828);
  Insert into typecity (typecityid,typeprovinceid,name,latitude,longitude) values (502,13,'Ø±Ø§Ù…Ø´ÛŒØ±',30.8927555084229,49.4088287353516);
  Insert into typecity (typecityid,typeprovinceid,name,latitude,longitude) values (503,13,'Ø±Ø§Ù…Ù‡Ø±Ù…Ø²',31.2592163085937,49.6053123474121);
  Insert into typecity (typecityid,typeprovinceid,name,latitude,longitude) values (504,13,'Ø±Ù�ÛŒØ¹',31.5974349975586,47.894172668457);
  Insert into typecity (typecityid,typeprovinceid,name,latitude,longitude) values (505,13,'Ø²Ù‡Ø±Ù‡',30.4681549072266,49.6830101013184);
  Insert into typecity (typecityid,typeprovinceid,name,latitude,longitude) values (506,13,'Ø³Ø§Ù„Ù†Ø¯',32.494068145752,48.8343353271484);
  Insert into typecity (typecityid,typeprovinceid,name,latitude,longitude) values (507,13,'Ø³Ø±Ø¯Ø´Øª',30.3278064727783,50.2178802490234);
  Insert into typecity (typecityid,typeprovinceid,name,latitude,longitude) values (508,13,'Ø³Ù…Ø§Ù„Ù‡',32.1940116882324,48.8577537536621);
  Insert into typecity (typecityid,typeprovinceid,name,latitude,longitude) values (509,13,'Ø³ÙˆØ³Ù†Ú¯Ø±Ø¯',31.558614730835,48.1895866394043);
  Insert into typecity (typecityid,typeprovinceid,name,latitude,longitude) values (510,13,'Ø´Ø§Ø¯Ú¯Ø§Ù†',30.6412620544434,48.6635360717773);
  Insert into typecity (typecityid,typeprovinceid,name,latitude,longitude) values (511,13,'Ø´Ø§ÙˆÙˆØ±',32.0586853027344,48.3008728027344);
  Insert into typecity (typecityid,typeprovinceid,name,latitude,longitude) values (512,13,'Ø´Ø±Ø§Ù�Øª',32.0880813598633,48.7677192687988);
  Insert into typecity (typecityid,typeprovinceid,name,latitude,longitude) values (513,13,'Ø´ÙˆØ´',32.2067451477051,48.2574272155762);
  Insert into typecity (typecityid,typeprovinceid,name,latitude,longitude) values (514,13,'Ø´ÙˆØ´ØªØ±',32.0546417236328,48.834716796875);
  Insert into typecity (typecityid,typeprovinceid,name,latitude,longitude) values (515,13,'Ø´ÛŒØ¨Ø§Ù†',31.3845748901367,48.7871131896973);
  Insert into typecity (typecityid,typeprovinceid,name,latitude,longitude) values (516,13,'ØµØ§Ù„Ø­ Ø´Ù‡Ø±',32.2136726379395,48.6721839904785);
  Insert into typecity (typecityid,typeprovinceid,name,latitude,longitude) values (517,13,'ØµØ§Ù„Ø­ Ù…Ø´Ø·Ø·',32.3135795593262,48.1480674743652);
  Insert into typecity (typecityid,typeprovinceid,name,latitude,longitude) values (518,13,'ØµÙ�ÛŒ Ø¢Ø¨Ø§Ø¯',32.2478446960449,48.4215087890625);
  Insert into typecity (typecityid,typeprovinceid,name,latitude,longitude) values (519,13,'ØµÛŒØ¯ÙˆÙ†',31.365743637085,50.0813941955566);
  Insert into typecity (typecityid,typeprovinceid,name,latitude,longitude) values (520,13,'Ù‚Ù„Ø¹Ù‡ ØªÙ„',31.631498336792,49.8901786804199);
  Insert into typecity (typecityid,typeprovinceid,name,latitude,longitude) values (521,13,'Ù‚Ù„Ø¹Ù‡ Ø®ÙˆØ§Ø¬Ù‡',32.2052993774414,49.4487037658691);
  Insert into typecity (typecityid,typeprovinceid,name,latitude,longitude) values (522,13,'Ú¯ØªÙˆÙ†Ø¯',32.2472152709961,48.8178253173828);
  Insert into typecity (typecityid,typeprovinceid,name,latitude,longitude) values (523,13,'Ú¯ÙˆØ±ÛŒÙ‡',31.8566417694092,48.7557907104492);
  Insert into typecity (typecityid,typeprovinceid,name,latitude,longitude) values (524,13,'Ù„Ø§Ù„ÛŒ',32.3298187255859,49.0929832458496);
  Insert into typecity (typecityid,typeprovinceid,name,latitude,longitude) values (525,13,'Ù…Ø³Ø¬Ø¯Ø³Ù„ÛŒÙ…Ø§Ù†',31.9646625518799,49.2863388061523);
  Insert into typecity (typecityid,typeprovinceid,name,latitude,longitude) values (526,13,'Ù…Ø´Ø±Ø§Ú¯Ù‡',31.0107021331787,49.4379386901855);
  Insert into typecity (typecityid,typeprovinceid,name,latitude,longitude) values (527,13,'Ù…Ù‚Ø§ÙˆÙ…Øª',30.4068908691406,48.1953277587891);
  Insert into typecity (typecityid,typeprovinceid,name,latitude,longitude) values (528,13,'Ù…Ù„Ø§Ø«Ø§Ù†ÛŒ',31.5853481292725,48.8870124816895);
  Insert into typecity (typecityid,typeprovinceid,name,latitude,longitude) values (529,13,'Ù…ÛŒØ§Ù†Ø±ÙˆØ¯',32.2278671264648,48.4244613647461);
  Insert into typecity (typecityid,typeprovinceid,name,latitude,longitude) values (530,13,'Ù…ÛŒØ¯Ø§ÙˆØ¯',31.3724670410156,49.813663482666);
  Insert into typecity (typecityid,typeprovinceid,name,latitude,longitude) values (531,13,'Ù…ÛŒÙ†ÙˆØ´Ù‡Ø±',30.3606548309326,48.2103958129883);
  Insert into typecity (typecityid,typeprovinceid,name,latitude,longitude) values (532,13,'ÙˆÛŒØ³',31.4841442108154,48.8745079040527);
  Insert into typecity (typecityid,typeprovinceid,name,latitude,longitude) values (533,13,'Ù‡Ù�ØªÚ¯Ù„',31.4456787109375,49.5331382751465);
  Insert into typecity (typecityid,typeprovinceid,name,latitude,longitude) values (534,13,'Ù‡Ù†Ø¯ÛŒØ¬Ø§Ù†',30.2236862182617,49.7113990783691);
  Insert into typecity (typecityid,typeprovinceid,name,latitude,longitude) values (535,13,'Ù‡ÙˆÛŒØ²Ù‡',31.4606819152832,48.0774879455566);
  Insert into typecity (typecityid,typeprovinceid,name,latitude,longitude) values (536,14,'Ø§Ø¨Ù‡Ø±',36.1361312866211,49.2245445251465);
  Insert into typecity (typecityid,typeprovinceid,name,latitude,longitude) values (537,14,'Ø§Ø±Ù…ØºØ§Ù†Ø®Ø§Ù†Ù‡',36.9781494140625,48.371940612793);
  Insert into typecity (typecityid,typeprovinceid,name,latitude,longitude) values (538,14,'Ø¢Ø¨ Ø¨Ø±',36.9278526306152,48.9561653137207);
  Insert into typecity (typecityid,typeprovinceid,name,latitude,longitude) values (539,14,'Ú†ÙˆØ±Ø²Ù‚',36.9928779602051,48.7785263061523);
  Insert into typecity (typecityid,typeprovinceid,name,latitude,longitude) values (540,14,'Ø­Ù„Ø¨',36.2962112426758,48.0638618469238);
  Insert into typecity (typecityid,typeprovinceid,name,latitude,longitude) values (541,14,'Ø®Ø±Ù…Ø¯Ø±Ù‡',36.2114562988281,49.1953887939453);
  Insert into typecity (typecityid,typeprovinceid,name,latitude,longitude) values (542,14,'Ø¯Ù†Ø¯ÛŒ',36.5510940551758,47.6202430725098);
  Insert into typecity (typecityid,typeprovinceid,name,latitude,longitude) values (543,14,'Ø²Ø±ÛŒÙ† Ø¢Ø¨Ø§Ø¯',36.4292335510254,48.2769508361816);
  Insert into typecity (typecityid,typeprovinceid,name,latitude,longitude) values (544,14,'Ø²Ø±ÛŒÙ† Ø±ÙˆØ¯',35.756217956543,48.4810905456543);
  Insert into typecity (typecityid,typeprovinceid,name,latitude,longitude) values (545,14,'Ø²Ù†Ø¬Ø§Ù†',36.6795539855957,48.4929962158203);
  Insert into typecity (typecityid,typeprovinceid,name,latitude,longitude) values (546,14,'Ø³Ø¬Ø§Ø³',36.2405891418457,48.5530853271484);
  Insert into typecity (typecityid,typeprovinceid,name,latitude,longitude) values (547,14,'Ø³Ù„Ø·Ø§Ù†ÛŒÙ‡',36.4336318969727,48.7955055236816);
  Insert into typecity (typecityid,typeprovinceid,name,latitude,longitude) values (548,14,'Ø³Ù‡Ø±ÙˆØ±Ø¯',36.0728073120117,48.4391021728516);
  Insert into typecity (typecityid,typeprovinceid,name,latitude,longitude) values (549,14,'ØµØ§Ø¦ÛŒÙ† Ù‚Ù„Ø¹Ù‡',36.3047676086426,49.0723533630371);
  Insert into typecity (typecityid,typeprovinceid,name,latitude,longitude) values (550,14,'Ù‚ÛŒØ¯Ø§Ø±',36.1085662841797,48.5899887084961);
  Insert into typecity (typecityid,typeprovinceid,name,latitude,longitude) values (551,14,'Ú¯Ø±Ù…Ø§Ø¨',35.8455390930176,48.2011222839356);
  Insert into typecity (typecityid,typeprovinceid,name,latitude,longitude) values (552,14,'Ù…Ø§Ù‡ Ù†Ø´Ø§Ù†',36.7435836791992,47.6706466674805);
  Insert into typecity (typecityid,typeprovinceid,name,latitude,longitude) values (553,14,'Ù‡ÛŒØ¯Ø¬',36.2540397644043,49.1295852661133);
  Insert into typecity (typecityid,typeprovinceid,name,latitude,longitude) values (554,15,'Ø§Ù…ÛŒØ±ÛŒÙ‡',36.0280494689941,54.142204284668);
  Insert into typecity (typecityid,typeprovinceid,name,latitude,longitude) values (555,15,'Ø§ÛŒÙˆØ§Ù†Ú©ÛŒ',35.3449745178223,52.068977355957);
  Insert into typecity (typecityid,typeprovinceid,name,latitude,longitude) values (556,15,'Ø¢Ø±Ø§Ø¯Ø§Ù†',35.2516479492188,52.4975395202637);
  Insert into typecity (typecityid,typeprovinceid,name,latitude,longitude) values (557,15,'Ø¨Ø³Ø·Ø§Ù…',36.4844627380371,55.0009002685547);
  Insert into typecity (typecityid,typeprovinceid,name,latitude,longitude) values (558,15,'Ø¨ÛŒØ§Ø±Ø¬Ù…Ù†Ø¯',36.0786666870117,55.807430267334);
  Insert into typecity (typecityid,typeprovinceid,name,latitude,longitude) values (559,15,'Ø¯Ø§Ù…ØºØ§Ù†',36.1651992797852,54.344841003418);
  Insert into typecity (typecityid,typeprovinceid,name,latitude,longitude) values (560,15,'Ø¯Ø±Ø¬Ø²ÛŒÙ†',35.6456069946289,53.3336410522461);
  Insert into typecity (typecityid,typeprovinceid,name,latitude,longitude) values (561,15,'Ø¯ÛŒØ¨Ø§Ø¬',36.4305229187012,54.2289123535156);
  Insert into typecity (typecityid,typeprovinceid,name,latitude,longitude) values (562,15,'Ø³Ø±Ø®Ù‡',35.4637260437012,53.2103576660156);
  Insert into typecity (typecityid,typeprovinceid,name,latitude,longitude) values (563,15,'Ø³Ù…Ù†Ø§Ù†',35.5771141052246,53.3819274902344);
  Insert into typecity (typecityid,typeprovinceid,name,latitude,longitude) values (564,15,'Ø´Ø§Ù‡Ø±ÙˆØ¯',36.4120864868164,54.9724617004395);
  Insert into typecity (typecityid,typeprovinceid,name,latitude,longitude) values (565,15,'Ø´Ù‡Ù…ÛŒØ±Ø²Ø§Ø¯',35.7702331542969,53.3335838317871);
  Insert into typecity (typecityid,typeprovinceid,name,latitude,longitude) values (566,15,'Ú©Ù„Ø§ØªÙ‡ Ø®ÛŒØ¬',36.6705627441406,55.3004875183106);
  Insert into typecity (typecityid,typeprovinceid,name,latitude,longitude) values (567,15,'Ú¯Ø±Ù…Ø³Ø§Ø±',35.2178230285645,52.333625793457);
  Insert into typecity (typecityid,typeprovinceid,name,latitude,longitude) values (568,15,'Ù…Ø¬Ù†',36.4802207946777,54.6479797363281);
  Insert into typecity (typecityid,typeprovinceid,name,latitude,longitude) values (569,15,'Ù…Ù‡Ø¯ÛŒ Ø´Ù‡Ø±',35.699649810791,53.3458709716797);
  Insert into typecity (typecityid,typeprovinceid,name,latitude,longitude) values (570,15,'Ù…ÛŒØ§Ù…ÛŒ',36.4093246459961,55.6516532897949);
  Insert into typecity (typecityid,typeprovinceid,name,latitude,longitude) values (571,16,'Ø§Ø¯ÛŒÙ…ÛŒ',31.11745262146,61.407642364502);
  Insert into typecity (typecityid,typeprovinceid,name,latitude,longitude) values (572,16,'Ø§Ø³Ù¾Ú©Ù‡',26.8373584747314,60.1723251342773);
  Insert into typecity (typecityid,typeprovinceid,name,latitude,longitude) values (573,16,'Ø§ÛŒØ±Ø§Ù†Ø´Ù‡Ø±',27.2041645050049,60.6751289367676);
  Insert into typecity (typecityid,typeprovinceid,name,latitude,longitude) values (574,16,'Ø¨Ø²Ù…Ø§Ù†',27.8503456115723,60.1754837036133);
  Insert into typecity (typecityid,typeprovinceid,name,latitude,longitude) values (575,16,'Ø¨Ù…Ù¾ÙˆØ±',27.1937408447266,60.4562187194824);
  Insert into typecity (typecityid,typeprovinceid,name,latitude,longitude) values (576,16,'Ø¨Ù†Øª',26.2868232727051,59.5226707458496);
  Insert into typecity (typecityid,typeprovinceid,name,latitude,longitude) values (577,16,'Ø¨Ù†Ø¬Ø§Ø±',31.0428943634033,61.5674514770508);
  Insert into typecity (typecityid,typeprovinceid,name,latitude,longitude) values (578,16,'Ù¾ÛŒØ´ÛŒÙ†',26.07985496521,61.7484016418457);
  Insert into typecity (typecityid,typeprovinceid,name,latitude,longitude) values (579,16,'Ø¬Ø§Ù„Ù‚',27.5827865600586,62.7007255554199);
  Insert into typecity (typecityid,typeprovinceid,name,latitude,longitude) values (580,16,'Ú†Ø§Ù‡ Ø¨Ù‡Ø§Ø±',25.2945194244385,60.6477012634277);
  Insert into typecity (typecityid,typeprovinceid,name,latitude,longitude) values (581,16,'Ø®Ø§Ø´',28.209436416626,61.2028617858887);
  Insert into typecity (typecityid,typeprovinceid,name,latitude,longitude) values (582,16,'Ø¯ÙˆØ³Øª Ù…Ø­Ù…Ø¯',31.1427326202393,61.7928085327148);
  Insert into typecity (typecityid,typeprovinceid,name,latitude,longitude) values (583,16,'Ø±Ø§Ø³Ú©',26.2332515716553,61.4054412841797);
  Insert into typecity (typecityid,typeprovinceid,name,latitude,longitude) values (584,16,'Ø²Ø§Ø¨Ù„',31.0088672637939,61.4938087463379);
  Insert into typecity (typecityid,typeprovinceid,name,latitude,longitude) values (585,16,'Ø²Ø§Ø¨Ù„ÛŒ',27.1145877838135,61.6725997924805);
  Insert into typecity (typecityid,typeprovinceid,name,latitude,longitude) values (586,16,'Ø²Ø§Ù‡Ø¯Ø§Ù†',29.4821357727051,60.85205078125);
  Insert into typecity (typecityid,typeprovinceid,name,latitude,longitude) values (587,16,'Ø²Ø±Ø¢Ø¨Ø§Ø¯',25.5872364044189,59.3962898254395);
  Insert into typecity (typecityid,typeprovinceid,name,latitude,longitude) values (588,16,'Ø²Ù‡Ú©',30.8931617736816,61.6829261779785);
  Insert into typecity (typecityid,typeprovinceid,name,latitude,longitude) values (589,16,'Ø³Ø±Ø§ÙˆØ§Ù†',27.3613433837891,62.3330726623535);
  Insert into typecity (typecityid,typeprovinceid,name,latitude,longitude) values (590,16,'Ø³Ø±Ø¨Ø§Ø²',26.6332359313965,61.2580604553223);
  Insert into typecity (typecityid,typeprovinceid,name,latitude,longitude) values (591,16,'Ø³ÙˆØ±Ø§Ù†',27.2860298156738,61.9948806762695);
  Insert into typecity (typecityid,typeprovinceid,name,latitude,longitude) values (592,16,'Ø³ÛŒØ±Ú©Ø§Ù†',26.8298721313477,62.6384811401367);
  Insert into typecity (typecityid,typeprovinceid,name,latitude,longitude) values (593,16,'Ø¹Ù„ÛŒ Ø§Ú©Ø¨Ø±',30.939079284668,61.3279647827148);
  Insert into typecity (typecityid,typeprovinceid,name,latitude,longitude) values (594,16,'Ù�Ù†ÙˆØ¬',26.5757274627686,59.6449851989746);
  Insert into typecity (typecityid,typeprovinceid,name,latitude,longitude) values (595,16,'Ù‚ØµØ±Ù‚Ù†Ø¯',26.2130393981934,60.7416763305664);
  Insert into typecity (typecityid,typeprovinceid,name,latitude,longitude) values (596,16,'Ú©Ù†Ø§Ø±Ú©',25.3595199584961,60.3969802856445);
  Insert into typecity (typecityid,typeprovinceid,name,latitude,longitude) values (597,16,'Ú¯Ø´Øª',27.7886066436768,61.9510879516602);
  Insert into typecity (typecityid,typeprovinceid,name,latitude,longitude) values (598,16,'Ú¯Ù„Ù…ÙˆØ±ØªÛŒ',27.4812297821045,59.447322845459);
  Insert into typecity (typecityid,typeprovinceid,name,latitude,longitude) values (599,16,'Ù…Ø­Ù…Ø¯Ø§Ù†',27.1998977661133,60.5608177185059);
  Insert into typecity (typecityid,typeprovinceid,name,latitude,longitude) values (600,16,'Ù…Ø­Ù…Ø¯Ø¢Ø¨Ø§Ø¯',30.8729267120361,61.4618644714355);
  Insert into typecity (typecityid,typeprovinceid,name,latitude,longitude) values (601,16,'Ù…Ø­Ù…Ø¯ÛŒ',27.3268337249756,62.3901672363281);
  Insert into typecity (typecityid,typeprovinceid,name,latitude,longitude) values (602,16,'Ù…ÛŒØ±Ø¬Ø§ÙˆÙ‡',29.0156440734863,61.4495468139648);
  Insert into typecity (typecityid,typeprovinceid,name,latitude,longitude) values (603,16,'Ù†ØµØ±Øª Ø¢Ø¨Ø§Ø¯',29.857982635498,59.9736595153809);
  Insert into typecity (typecityid,typeprovinceid,name,latitude,longitude) values (604,16,'Ù†Ú¯ÙˆØ±',25.3888053894043,61.1399421691895);
  Insert into typecity (typecityid,typeprovinceid,name,latitude,longitude) values (605,16,'Ù†ÙˆÚ© Ø¢Ø¨Ø§Ø¯',28.5391082763672,60.7588806152344);
  Insert into typecity (typecityid,typeprovinceid,name,latitude,longitude) values (606,16,'Ù†ÛŒÚ© Ø´Ù‡Ø±',26.2345523834229,60.2268600463867);
  Insert into typecity (typecityid,typeprovinceid,name,latitude,longitude) values (607,16,'Ù‡ÛŒØ¯ÙˆØ¬',27.0020618438721,62.1193695068359);
  Insert into typecity (typecityid,typeprovinceid,name,latitude,longitude) values (608,17,'Ø§Ø±Ø¯Ú©Ø§Ù†',30.2320652008057,51.9920501708984);
  Insert into typecity (typecityid,typeprovinceid,name,latitude,longitude) values (609,17,'Ø§Ø±Ø³Ù†Ø¬Ø§Ù†',29.9098110198975,53.3006973266602);
  Insert into typecity (typecityid,typeprovinceid,name,latitude,longitude) values (610,17,'Ø§Ø³ØªÙ‡Ø¨Ø§Ù†',29.1260662078857,54.0446281433106);
  Insert into typecity (typecityid,typeprovinceid,name,latitude,longitude) values (611,17,'Ø§Ø³ÛŒØ±',27.7228317260742,52.6656875610352);
  Insert into typecity (typecityid,typeprovinceid,name,latitude,longitude) values (612,17,'Ø§Ø´Ú©Ù†Ø§Ù†',27.2255363464355,53.6081733703613);
  Insert into typecity (typecityid,typeprovinceid,name,latitude,longitude) values (613,17,'Ø§Ù�Ø²Ø±',28.3462944030762,52.9656257629395);
  Insert into typecity (typecityid,typeprovinceid,name,latitude,longitude) values (614,17,'Ø§Ù‚Ù„ÛŒØ¯',30.9019203186035,52.7052612304688);
  Insert into typecity (typecityid,typeprovinceid,name,latitude,longitude) values (615,17,'Ø§Ù…Ø§Ù… Ø´Ù‡Ø±',28.4452362060547,53.1506042480469);
  Insert into typecity (typecityid,typeprovinceid,name,latitude,longitude) values (616,17,'Ø§ÙˆØ²',27.7578811645508,54.012378692627);
  Insert into typecity (typecityid,typeprovinceid,name,latitude,longitude) values (617,17,'Ø§Ù‡Ù„',27.210994720459,53.6597938537598);
  Insert into typecity (typecityid,typeprovinceid,name,latitude,longitude) values (618,17,'Ø§ÛŒØ¬',29.0201721191406,54.2453842163086);
  Insert into typecity (typecityid,typeprovinceid,name,latitude,longitude) values (619,17,'Ø§ÛŒØ²Ø¯Ø®ÙˆØ§Ø³Øª',31.5170097351074,52.1249351501465);
  Insert into typecity (typecityid,typeprovinceid,name,latitude,longitude) values (620,17,'Ø¢Ø¨Ø§Ø¯Ù‡',31.1429824829102,52.6501159667969);
  Insert into typecity (typecityid,typeprovinceid,name,latitude,longitude) values (621,17,'Ø¢Ø¨Ø§Ø¯Ù‡ Ø·Ø´Ú©',29.8098621368408,53.7306861877441);
  Insert into typecity (typecityid,typeprovinceid,name,latitude,longitude) values (622,17,'Ø¨Ø§Ø¨ Ø§Ù†Ø§Ø±',28.9684448242187,53.2091445922852);
  Insert into typecity (typecityid,typeprovinceid,name,latitude,longitude) values (623,17,'Ø¨Ø§Ù„Ø§Ø¯Ù‡',29.2849922180176,51.9389266967773);
  Insert into typecity (typecityid,typeprovinceid,name,latitude,longitude) values (624,17,'Ø¨Ù†Ø§Ø±ÙˆÛŒÙ‡',28.0866107940674,54.0456314086914);
  Insert into typecity (typecityid,typeprovinceid,name,latitude,longitude) values (625,17,'Ø¨ÙˆØ§Ù†Ø§Øª',30.4609355926514,53.6389656066895);
  Insert into typecity (typecityid,typeprovinceid,name,latitude,longitude) values (626,17,'Ø¨Ù‡Ù…Ù†',31.1948585510254,52.4853096008301);
  Insert into typecity (typecityid,typeprovinceid,name,latitude,longitude) values (627,17,'Ø¨ÛŒØ±Ù…',27.4309120178223,53.5151214599609);
  Insert into typecity (typecityid,typeprovinceid,name,latitude,longitude) values (628,17,'Ø¨ÛŒØ¶Ø§',29.9708938598633,52.3977584838867);
  Insert into typecity (typecityid,typeprovinceid,name,latitude,longitude) values (629,17,'Ø¬Ù†Øª Ø´Ù‡Ø±',28.6534748077393,54.6851768493652);
  Insert into typecity (typecityid,typeprovinceid,name,latitude,longitude) values (630,17,'Ø¬ÙˆÛŒÙ…',28.2615451812744,53.9799537658691);
  Insert into typecity (typecityid,typeprovinceid,name,latitude,longitude) values (631,17,'Ø¬Ù‡Ø±Ù…',28.4949188232422,53.5668869018555);
  Insert into typecity (typecityid,typeprovinceid,name,latitude,longitude) values (632,17,'Ø­Ø§Ø¬ÛŒ Ø¢Ø¨Ø§Ø¯',28.3574962615967,54.4203147888184);
  Insert into typecity (typecityid,typeprovinceid,name,latitude,longitude) values (633,17,'Ø­Ø³Ø§Ù…ÛŒ',29.9675426483154,53.8724060058594);
  Insert into typecity (typecityid,typeprovinceid,name,latitude,longitude) values (634,17,'Ø­Ø³Ù† Ø¢Ø¨Ø§Ø¯',30.51979637146,52.4560394287109);
  Insert into typecity (typecityid,typeprovinceid,name,latitude,longitude) values (635,17,'Ø®Ø§Ù†Ù‡ Ø²Ù†ÛŒØ§Ù†',29.6711864471436,52.1497039794922);
  Insert into typecity (typecityid,typeprovinceid,name,latitude,longitude) values (636,17,'Ø®Ø§ÙˆØ±Ø§Ù†',28.9389381408691,53.3130950927734);
  Insert into typecity (typecityid,typeprovinceid,name,latitude,longitude) values (637,17,'Ø®Ø±Ø§Ù…Ù‡',29.493049621582,53.3100318908691);
  Insert into typecity (typecityid,typeprovinceid,name,latitude,longitude) values (638,17,'Ø®Ø´Øª',29.5542602539062,51.3354415893555);
  Insert into typecity (typecityid,typeprovinceid,name,latitude,longitude) values (639,17,'Ø®Ù†Ø¬',27.8923320770264,53.429615020752);
  Insert into typecity (typecityid,typeprovinceid,name,latitude,longitude) values (640,17,'Ø®ÙˆØ±',27.6446285247803,54.3439521789551);
  Insert into typecity (typecityid,typeprovinceid,name,latitude,longitude) values (641,17,'Ø®ÙˆÙ…Ù‡ Ø²Ø§Ø±',30.0063247680664,51.5781211853027);
  Insert into typecity (typecityid,typeprovinceid,name,latitude,longitude) values (642,17,'Ø¯Ø§Ø±Ø§Ø¨',28.7542610168457,54.5471229553223);
  Insert into typecity (typecityid,typeprovinceid,name,latitude,longitude) values (643,17,'Ø¯Ø§Ø±ÛŒØ§Ù†',29.5603313446045,52.9200897216797);
  Insert into typecity (typecityid,typeprovinceid,name,latitude,longitude) values (644,17,'Ø¯Ø¨ÛŒØ±Ø§Ù†',28.3961620330811,54.1868286132813);
  Insert into typecity (typecityid,typeprovinceid,name,latitude,longitude) values (645,17,'Ø¯Ú˜Ú©Ø±Ø¯',30.7136135101318,51.9579429626465);
  Insert into typecity (typecityid,typeprovinceid,name,latitude,longitude) values (646,17,'Ø¯ÙˆØ¨Ø±Ø¬ÛŒ',28.3073406219482,55.1925048828125);
  Insert into typecity (typecityid,typeprovinceid,name,latitude,longitude) values (647,17,'Ø¯ÙˆØ²Ù‡',28.7010860443115,52.9584922790527);
  Insert into typecity (typecityid,typeprovinceid,name,latitude,longitude) values (648,17,'Ø¯Ù‡Ø±Ù…',28.493293762207,52.3042221069336);
  Insert into typecity (typecityid,typeprovinceid,name,latitude,longitude) values (649,17,'Ø±Ø§Ù…Ø¬Ø±Ø¯',30.0748805999756,52.5926361083984);
  Insert into typecity (typecityid,typeprovinceid,name,latitude,longitude) values (650,17,'Ø±ÙˆÙ†ÛŒØ²',29.1920566558838,53.769401550293);
  Insert into typecity (typecityid,typeprovinceid,name,latitude,longitude) values (651,17,'Ø²Ø§Ù‡Ø¯Ø´Ù‡Ø±',28.7466297149658,53.8046493530274);
  Insert into typecity (typecityid,typeprovinceid,name,latitude,longitude) values (652,17,'Ø²Ø±Ù‚Ø§Ù†',29.773832321167,52.7217788696289);
  Insert into typecity (typecityid,typeprovinceid,name,latitude,longitude) values (653,17,'Ø³Ø¯Ù‡',30.710578918457,52.1761169433594);
  Insert into typecity (typecityid,typeprovinceid,name,latitude,longitude) values (654,17,'Ø³Ø±ÙˆØ³ØªØ§Ù†',29.2630271911621,53.2238731384277);
  Insert into typecity (typecityid,typeprovinceid,name,latitude,longitude) values (655,17,'Ø³Ø¹Ø§Ø¯Øª Ø´Ù‡Ø±',30.0742740631104,53.1361312866211);
  Insert into typecity (typecityid,typeprovinceid,name,latitude,longitude) values (656,17,'Ø³ÙˆØ±Ù…Ù‚',31.0344886779785,52.8395576477051);
  Insert into typecity (typecityid,typeprovinceid,name,latitude,longitude) values (657,17,'Ø³ÛŒØ¯Ø§Ù†',30.0044631958008,53.0056762695313);
  Insert into typecity (typecityid,typeprovinceid,name,latitude,longitude) values (658,17,'Ø´Ø´Ø¯Ù‡',28.9496421813965,53.9957580566406);
  Insert into typecity (typecityid,typeprovinceid,name,latitude,longitude) values (659,17,'Ø´Ù‡Ø± Ø¬Ø¯ÛŒØ¯ ØµØ¯Ø±Ø§',29.8010139465332,52.5084953308105);
  Insert into typecity (typecityid,typeprovinceid,name,latitude,longitude) values (660,17,'Ø´Ù‡Ø±Ù¾ÛŒØ±',28.311695098877,54.3350334167481);
  Insert into typecity (typecityid,typeprovinceid,name,latitude,longitude) values (661,17,'Ø´ÛŒØ±Ø§Ø²',29.5568904876709,52.5291213989258);
  Insert into typecity (typecityid,typeprovinceid,name,latitude,longitude) values (662,17,'ØµØºØ§Ø¯',31.1910705566406,52.5154342651367);
  Insert into typecity (typecityid,typeprovinceid,name,latitude,longitude) values (663,17,'ØµÙ�Ø§Ø´Ù‡Ø±',30.6136665344238,53.1987228393555);
  Insert into typecity (typecityid,typeprovinceid,name,latitude,longitude) values (664,17,'Ø¹Ù„Ø§Ù…Ø±ÙˆØ¯Ø´Øª',27.6244621276855,53.000659942627);
  Insert into typecity (typecityid,typeprovinceid,name,latitude,longitude) values (665,17,'Ø¹Ù…Ø§Ø¯Ø¯Ù‡',27.4446449279785,53.8618354797363);
  Insert into typecity (typecityid,typeprovinceid,name,latitude,longitude) values (666,17,'Ù�Ø¯Ø§Ù…ÛŒ',28.2168083190918,55.1351432800293);
  Insert into typecity (typecityid,typeprovinceid,name,latitude,longitude) values (667,17,'Ù�Ø±Ø§Ø´Ø¨Ù†Ø¯',28.8588905334473,52.09375);
  Insert into typecity (typecityid,typeprovinceid,name,latitude,longitude) values (668,17,'Ù�Ø³Ø§',28.9197254180908,53.6376914978027);
  Insert into typecity (typecityid,typeprovinceid,name,latitude,longitude) values (669,17,'Ù�ÛŒØ±ÙˆØ²Ø¢Ø¨Ø§Ø¯',28.84885597229,52.5698013305664);
  Insert into typecity (typecityid,typeprovinceid,name,latitude,longitude) values (670,17,'Ù‚Ø§Ø¯Ø±Ø¢Ø¨Ø§Ø¯',30.2806663513184,53.2550888061523);
  Insert into typecity (typecityid,typeprovinceid,name,latitude,longitude) values (671,17,'Ù‚Ø§Ø¦Ù…ÛŒÙ‡',29.8443164825439,51.5911064147949);
  Insert into typecity (typecityid,typeprovinceid,name,latitude,longitude) values (672,17,'Ù‚Ø·Ø¨ Ø¢Ø¨Ø§Ø¯',28.6406745910645,53.6394729614258);
  Insert into typecity (typecityid,typeprovinceid,name,latitude,longitude) values (673,17,'Ù‚Ø·Ø±ÙˆÛŒÙ‡',29.1460361480713,54.7035522460938);
  Insert into typecity (typecityid,typeprovinceid,name,latitude,longitude) values (674,17,'Ù‚ÛŒØ±',28.4746170043945,53.0439033508301);
  Insert into typecity (typecityid,typeprovinceid,name,latitude,longitude) values (675,17,'Ú©Ø§Ø±Ø²ÛŒÙ†',28.4087162017822,53.1085243225098);
  Insert into typecity (typecityid,typeprovinceid,name,latitude,longitude) values (676,17,'Ú©Ø§Ø²Ø±ÙˆÙ†',29.6037464141846,51.651798248291);
  Insert into typecity (typecityid,typeprovinceid,name,latitude,longitude) values (677,17,'Ú©Ø§Ù…Ù�ÛŒØ±ÙˆØ²',30.3219833374023,52.1942939758301);
  Insert into typecity (typecityid,typeprovinceid,name,latitude,longitude) values (678,17,'Ú©Ø±Ù‡ Ø§ÛŒ',30.0297260284424,53.7157554626465);
  Insert into typecity (typecityid,typeprovinceid,name,latitude,longitude) values (679,17,'Ú©Ù†Ø§Ø±ØªØ®ØªÙ‡',29.5339126586914,51.3949165344238);
  Insert into typecity (typecityid,typeprovinceid,name,latitude,longitude) values (680,17,'Ú©ÙˆØ§Ø±',29.1960849761963,52.6867179870605);
  Insert into typecity (typecityid,typeprovinceid,name,latitude,longitude) values (681,17,'Ú©ÙˆÙ‡Ù†Ø¬Ø§Ù†',29.2311305999756,52.9561920166016);
  Insert into typecity (typecityid,typeprovinceid,name,latitude,longitude) values (682,17,'Ú¯Ø±Ø§Ø´',27.667142868042,54.1450347900391);
  Insert into typecity (typecityid,typeprovinceid,name,latitude,longitude) values (683,17,'Ú¯Ù„Ù‡ Ø¯Ø§Ø±',27.6488075256348,52.6602058410645);
  Insert into typecity (typecityid,typeprovinceid,name,latitude,longitude) values (684,17,'Ù„Ø§Ø±',27.6426486968994,54.3203582763672);
  Insert into typecity (typecityid,typeprovinceid,name,latitude,longitude) values (685,17,'Ù„Ø§Ù…Ø±Ø¯',27.3299674987793,53.1879196166992);
  Insert into typecity (typecityid,typeprovinceid,name,latitude,longitude) values (686,17,'Ù„Ù¾ÙˆØ¦ÛŒ',29.799072265625,52.6520729064941);
  Insert into typecity (typecityid,typeprovinceid,name,latitude,longitude) values (687,17,'Ù„Ø·ÛŒÙ�ÛŒ',27.6899585723877,54.3867034912109);
  Insert into typecity (typecityid,typeprovinceid,name,latitude,longitude) values (688,17,'Ù…Ø¨Ø§Ø±Ú© Ø¢Ø¨Ø§Ø¯',28.3601818084717,53.3287010192871);
  Insert into typecity (typecityid,typeprovinceid,name,latitude,longitude) values (689,17,'Ù…Ø±ÙˆØ¯Ø´Øª',29.8595104217529,52.8102722167969);
  Insert into typecity (typecityid,typeprovinceid,name,latitude,longitude) values (690,17,'Ù…Ø´Ú©Ø§Ù†',29.4728164672852,54.3459129333496);
  Insert into typecity (typecityid,typeprovinceid,name,latitude,longitude) values (691,17,'Ù…ØµÛŒØ±ÛŒ',30.2443103790283,51.5289039611816);
  Insert into typecity (typecityid,typeprovinceid,name,latitude,longitude) values (692,17,'Ù…Ù‡Ø±',27.5504589080811,52.8838500976562);
  Insert into typecity (typecityid,typeprovinceid,name,latitude,longitude) values (693,17,'Ù…ÛŒÙ…Ù†Ø¯',28.8682880401611,52.7509155273438);
  Insert into typecity (typecityid,typeprovinceid,name,latitude,longitude) values (694,17,'Ù†ÙˆØ¨Ù†Ø¯Ú¯Ø§Ù†',28.8538227081299,53.8259201049805);
  Insert into typecity (typecityid,typeprovinceid,name,latitude,longitude) values (695,17,'Ù†ÙˆØ¬ÛŒÙ†',29.125373840332,52.0134887695312);
  Insert into typecity (typecityid,typeprovinceid,name,latitude,longitude) values (696,17,'Ù†ÙˆØ¯Ø§Ù†',29.8016605377197,51.6942291259766);
  Insert into typecity (typecityid,typeprovinceid,name,latitude,longitude) values (697,17,'Ù†ÙˆØ±Ø¢Ø¨Ø§Ø¯',30.1148166656494,51.5222511291504);
  Insert into typecity (typecityid,typeprovinceid,name,latitude,longitude) values (698,17,'Ù†ÛŒ Ø±ÛŒØ²',29.1979217529297,54.3226547241211);
  Insert into typecity (typecityid,typeprovinceid,name,latitude,longitude) values (699,17,'ÙˆØ±Ø§ÙˆÛŒ',27.4650325775146,53.0521850585938);
  Insert into typecity (typecityid,typeprovinceid,name,latitude,longitude) values (700,17,'Ù‡Ù…Ø§Ø´Ù‡Ø±',30.1154232025146,52.0876770019531);
  Insert into typecity (typecityid,typeprovinceid,name,latitude,longitude) values (701,18,'Ø§Ø±Ø¯Ø§Ù‚',36.0533561706543,49.8244171142578);
  Insert into typecity (typecityid,typeprovinceid,name,latitude,longitude) values (702,18,'Ø§Ø³Ù�Ø±ÙˆØ±ÛŒÙ†',35.9350814819336,49.7502861022949);
  Insert into typecity (typecityid,typeprovinceid,name,latitude,longitude) values (703,18,'Ø§Ù‚Ø¨Ø§Ù„ÛŒÙ‡',36.2320861816406,49.9266624450684);
  Insert into typecity (typecityid,typeprovinceid,name,latitude,longitude) values (704,18,'Ø§Ù„ÙˆÙ†Ø¯',36.1703414916992,50.0741539001465);
  Insert into typecity (typecityid,typeprovinceid,name,latitude,longitude) values (705,18,'Ø¢Ø¨Ú¯Ø±Ù…',35.7574005126953,49.287296295166);
  Insert into typecity (typecityid,typeprovinceid,name,latitude,longitude) values (706,18,'Ø¢Ø¨ÛŒÚ©',36.0398902893066,50.5296974182129);
  Insert into typecity (typecityid,typeprovinceid,name,latitude,longitude) values (707,18,'Ø¢ÙˆØ¬',35.5797805786133,49.2218399047852);
  Insert into typecity (typecityid,typeprovinceid,name,latitude,longitude) values (708,18,'Ø¨ÙˆØ¦ÛŒÙ† Ø²Ù‡Ø±Ø§',35.757152557373,50.0619697570801);
  Insert into typecity (typecityid,typeprovinceid,name,latitude,longitude) values (709,18,'Ø¨ÛŒØ¯Ø³ØªØ§Ù†',36.2312660217285,50.1214027404785);
  Insert into typecity (typecityid,typeprovinceid,name,latitude,longitude) values (710,18,'ØªØ§Ú©Ø³ØªØ§Ù†',36.071418762207,49.696159362793);
  Insert into typecity (typecityid,typeprovinceid,name,latitude,longitude) values (711,18,'Ø®Ø§Ú©Ø¹Ù„ÛŒ',36.1288909912109,50.1757774353027);
  Insert into typecity (typecityid,typeprovinceid,name,latitude,longitude) values (712,18,'Ø®Ø±Ù…Ø¯Ø´Øª',35.9298439025879,49.5117454528809);
  Insert into typecity (typecityid,typeprovinceid,name,latitude,longitude) values (713,18,'Ø¯Ø§Ù†Ø³Ù�Ù‡Ø§Ù†',35.8116264343262,49.7436027526855);
  Insert into typecity (typecityid,typeprovinceid,name,latitude,longitude) values (714,18,'Ø±Ø§Ø²Ù…ÛŒØ§Ù†',36.536491394043,50.2123374938965);
  Insert into typecity (typecityid,typeprovinceid,name,latitude,longitude) values (715,18,'Ø³Ú¯Ø²Ø¢Ø¨Ø§Ø¯',35.7641296386719,49.9394721984863);
  Insert into typecity (typecityid,typeprovinceid,name,latitude,longitude) values (716,18,'Ø³ÛŒØ±Ø¯Ø§Ù†',36.6515922546387,49.1882133483887);
  Insert into typecity (typecityid,typeprovinceid,name,latitude,longitude) values (717,18,'Ø´Ø§Ù„',35.8975982666016,49.768367767334);
  Insert into typecity (typecityid,typeprovinceid,name,latitude,longitude) values (718,18,'Ø´Ø±ÛŒÙ�ÛŒÙ‡',36.2034111022949,50.1513442993164);
  Insert into typecity (typecityid,typeprovinceid,name,latitude,longitude) values (719,18,'Ø¶ÛŒØ§Ø¡Ø¢Ø¨Ø§Ø¯',35.9955062866211,49.4493370056152);
  Insert into typecity (typecityid,typeprovinceid,name,latitude,longitude) values (720,18,'Ù‚Ø²ÙˆÛŒÙ†',36.2817459106445,50.0019683837891);
  Insert into typecity (typecityid,typeprovinceid,name,latitude,longitude) values (721,18,'Ú©ÙˆÙ‡ÛŒÙ†',36.3728675842285,49.6581077575684);
  Insert into typecity (typecityid,typeprovinceid,name,latitude,longitude) values (722,18,'Ù…Ø­Ù…Ø¯ÛŒÙ‡',36.2240180969238,50.1825866699219);
  Insert into typecity (typecityid,typeprovinceid,name,latitude,longitude) values (723,18,'Ù…Ø­Ù…ÙˆØ¯Ø¢Ø¨Ø§Ø¯Ù†Ù…ÙˆÙ†Ù‡',36.2904205322266,49.9026412963867);
  Insert into typecity (typecityid,typeprovinceid,name,latitude,longitude) values (724,18,'Ù…Ø¹Ù„Ù… Ú©Ù„Ø§ÛŒÙ‡',36.4472770690918,50.4781951904297);
  Insert into typecity (typecityid,typeprovinceid,name,latitude,longitude) values (725,18,'Ù†Ø±Ø¬Ù‡',35.9920234680176,49.6203308105469);
  Insert into typecity (typecityid,typeprovinceid,name,latitude,longitude) values (726,19,'Ø¬Ø¹Ù�Ø±ÛŒÙ‡',34.7746391296387,50.5166053771973);
  Insert into typecity (typecityid,typeprovinceid,name,latitude,longitude) values (727,19,'Ø¯Ø³ØªØ¬Ø±Ø¯',34.552848815918,50.248218536377);
  Insert into typecity (typecityid,typeprovinceid,name,latitude,longitude) values (728,19,'Ø³Ù„Ù�Ú†Ú¯Ø§Ù†',34.4782638549805,50.4576263427734);
  Insert into typecity (typecityid,typeprovinceid,name,latitude,longitude) values (729,19,'Ù‚Ù…',34.5939483642578,50.8742904663086);
  Insert into typecity (typecityid,typeprovinceid,name,latitude,longitude) values (730,19,'Ù‚Ù†ÙˆØ§Øª',34.611011505127,51.0254707336426);
  Insert into typecity (typecityid,typeprovinceid,name,latitude,longitude) values (731,19,'Ú©Ù‡Ú©',34.3929252624512,50.8641090393066);
  Insert into typecity (typecityid,typeprovinceid,name,latitude,longitude) values (732,20,'Ø¢Ø±Ù…Ø±Ø¯Ù‡',35.9293937683105,45.7967300415039);
  Insert into typecity (typecityid,typeprovinceid,name,latitude,longitude) values (733,20,'Ø¨Ø§Ø¨Ø§Ø±Ø´Ø§Ù†ÛŒ',35.6742248535156,47.7974739074707);
  Insert into typecity (typecityid,typeprovinceid,name,latitude,longitude) values (734,20,'Ø¨Ø§Ù†Ù‡',35.9957313537598,45.888614654541);
  Insert into typecity (typecityid,typeprovinceid,name,latitude,longitude) values (735,20,'Ø¨Ù„Ø¨Ø§Ù† Ø¢Ø¨Ø§Ø¯',35.1371421813965,47.3209915161133);
  Insert into typecity (typecityid,typeprovinceid,name,latitude,longitude) values (736,20,'Ø¨ÙˆØ¦ÛŒÙ† Ø³Ù�Ù„ÛŒ',35.9389801025391,45.9362525939941);
  Insert into typecity (typecityid,typeprovinceid,name,latitude,longitude) values (737,20,'Ø¨ÛŒØ¬Ø§Ø±',35.8828620910645,47.6182594299316);
  Insert into typecity (typecityid,typeprovinceid,name,latitude,longitude) values (738,20,'Ú†Ù†Ø§Ø±Ù‡',35.6301193237305,46.3091011047363);
  Insert into typecity (typecityid,typeprovinceid,name,latitude,longitude) values (739,20,'Ø¯Ø²Ø¬',35.0647163391113,47.963924407959);
  Insert into typecity (typecityid,typeprovinceid,name,latitude,longitude) values (740,20,'Ø¯Ù„Ø¨Ø±Ø§Ù†',35.2384033203125,47.9885711669922);
  Insert into typecity (typecityid,typeprovinceid,name,latitude,longitude) values (741,20,'Ø¯Ù‡Ú¯Ù„Ø§Ù†',35.2783355712891,47.4189033508301);
  Insert into typecity (typecityid,typeprovinceid,name,latitude,longitude) values (742,20,'Ø¯ÛŒÙˆØ§Ù†Ø¯Ø±Ù‡',35.9124908447266,47.0249061584473);
  Insert into typecity (typecityid,typeprovinceid,name,latitude,longitude) values (743,20,'Ø²Ø±ÛŒÙ†Ù‡',36.0607261657715,46.9187660217285);
  Insert into typecity (typecityid,typeprovinceid,name,latitude,longitude) values (744,20,'Ø³Ø±ÙˆØ¢Ø¨Ø§Ø¯',35.3117980957031,46.3669891357422);
  Insert into typecity (typecityid,typeprovinceid,name,latitude,longitude) values (745,20,'Ø³Ø±ÛŒØ´ Ø¢Ø¨Ø§Ø¯',35.2488136291504,47.778491973877);
  Insert into typecity (typecityid,typeprovinceid,name,latitude,longitude) values (746,20,'Ø³Ù‚Ø²',36.2441177368164,46.2729225158691);
  Insert into typecity (typecityid,typeprovinceid,name,latitude,longitude) values (747,20,'Ø³Ù†Ù†Ø¯Ø¬',35.2403144836426,47.0064086914063);
  Insert into typecity (typecityid,typeprovinceid,name,latitude,longitude) values (748,20,'Ø´ÙˆÛŒØ´Ù‡',35.352912902832,46.6784553527832);
  Insert into typecity (typecityid,typeprovinceid,name,latitude,longitude) values (749,20,'ØµØ§Ø­Ø¨',36.2030944824219,46.461856842041);
  Insert into typecity (typecityid,typeprovinceid,name,latitude,longitude) values (750,20,'Ù‚Ø±ÙˆÙ‡',35.1636009216309,47.8100433349609);
  Insert into typecity (typecityid,typeprovinceid,name,latitude,longitude) values (751,20,'Ú©Ø§Ù…ÛŒØ§Ø±Ø§Ù†',34.7971687316895,46.9394645690918);
  Insert into typecity (typecityid,typeprovinceid,name,latitude,longitude) values (752,20,'Ú©Ø§Ù†ÛŒ Ø¯ÛŒÙ†Ø§Ø±',35.4675331115723,46.2033386230469);
  Insert into typecity (typecityid,typeprovinceid,name,latitude,longitude) values (753,20,'Ú©Ø§Ù†ÛŒ Ø³ÙˆØ±',36.0590591430664,45.7488212585449);
  Insert into typecity (typecityid,typeprovinceid,name,latitude,longitude) values (754,20,'Ù…Ø±ÛŒÙˆØ§Ù†',35.5178718566895,46.1809692382812);
  Insert into typecity (typecityid,typeprovinceid,name,latitude,longitude) values (755,20,'Ù…ÙˆÚ†Ø´',35.0591430664062,47.1544876098633);
  Insert into typecity (typecityid,typeprovinceid,name,latitude,longitude) values (756,20,'ÛŒØ§Ø³ÙˆÚ©Ù†Ø¯',36.2833938598633,47.7468147277832);
  Insert into typecity (typecityid,typeprovinceid,name,latitude,longitude) values (757,21,'Ø§Ø®ØªÛŒØ§Ø±Ø¢Ø¨Ø§Ø¯',30.3197231292725,56.9182777404785);
  Insert into typecity (typecityid,typeprovinceid,name,latitude,longitude) values (758,21,'Ø§Ø±Ø²ÙˆØ¦ÛŒÙ‡',28.4579296112061,56.363525390625);
  Insert into typecity (typecityid,typeprovinceid,name,latitude,longitude) values (759,21,'Ø§Ù…ÛŒÙ† Ø´Ù‡Ø±',30.8438282012939,55.3393669128418);
  Insert into typecity (typecityid,typeprovinceid,name,latitude,longitude) values (760,21,'Ø§Ù†Ø§Ø±',30.8725490570068,55.2716293334961);
  Insert into typecity (typecityid,typeprovinceid,name,latitude,longitude) values (761,21,'Ø§Ù†Ø¯ÙˆÙ‡Ø¬Ø±Ø¯',30.2310314178467,57.7540626525879);
  Insert into typecity (typecityid,typeprovinceid,name,latitude,longitude) values (762,21,'Ø¨Ø§ØºÛŒÙ†',30.1893825531006,56.8132247924805);
  Insert into typecity (typecityid,typeprovinceid,name,latitude,longitude) values (763,21,'Ø¨Ø§Ù�Øª',29.2321758270264,56.5969924926758);
  Insert into typecity (typecityid,typeprovinceid,name,latitude,longitude) values (764,21,'Ø¨Ø±Ø¯Ø³ÛŒØ±',29.9241008758545,56.5787696838379);
  Insert into typecity (typecityid,typeprovinceid,name,latitude,longitude) values (765,21,'Ø¨Ø±ÙˆØ§Øª',29.0470066070557,58.4085884094238);
  Insert into typecity (typecityid,typeprovinceid,name,latitude,longitude) values (766,21,'Ø¨Ø²Ù†Ø¬Ø§Ù†',29.2548351287842,56.6942825317383);
  Insert into typecity (typecityid,typeprovinceid,name,latitude,longitude) values (767,21,'Ø¨Ù…',29.067798614502,58.3486175537109);
  Insert into typecity (typecityid,typeprovinceid,name,latitude,longitude) values (768,21,'Ø¨Ù‡Ø±Ù…Ø§Ù†',30.904317855835,55.7273864746094);
  Insert into typecity (typecityid,typeprovinceid,name,latitude,longitude) values (769,21,'Ù¾Ø§Ø±ÛŒØ²',29.8726215362549,55.7505416870117);
  Insert into typecity (typecityid,typeprovinceid,name,latitude,longitude) values (770,21,'Ø¬Ø¨Ø§Ù„Ø¨Ø§Ø±Ø²',28.9060211181641,57.8827476501465);
  Insert into typecity (typecityid,typeprovinceid,name,latitude,longitude) values (771,21,'Ø¬ÙˆÙ¾Ø§Ø±',30.0565242767334,57.1124038696289);
  Insert into typecity (typecityid,typeprovinceid,name,latitude,longitude) values (772,21,'Ø¬ÙˆØ²Ù…',30.5151195526123,55.0317344665527);
  Insert into typecity (typecityid,typeprovinceid,name,latitude,longitude) values (773,21,'Ø¬ÛŒØ±Ù�Øª',28.6803932189941,57.7419738769531);
  Insert into typecity (typecityid,typeprovinceid,name,latitude,longitude) values (774,21,'Ú†ØªØ±ÙˆØ¯',30.6010189056396,56.9091682434082);
  Insert into typecity (typecityid,typeprovinceid,name,latitude,longitude) values (775,21,'Ø®Ø§ØªÙˆÙ† Ø¢Ø¨Ø§Ø¯',29.9971446990967,55.4199447631836);
  Insert into typecity (typecityid,typeprovinceid,name,latitude,longitude) values (776,21,'Ø®Ø§Ù†ÙˆÚ©',30.7177200317383,56.7755432128906);
  Insert into typecity (typecityid,typeprovinceid,name,latitude,longitude) values (777,21,'Ø®ÙˆØ±Ø³Ù†Ø¯',30.1534004211426,55.0875816345215);
  Insert into typecity (typecityid,typeprovinceid,name,latitude,longitude) values (778,21,'Ø¯Ø±Ø¨ Ø¨Ù‡Ø´Øª',29.2335548400879,57.3366737365723);
  Insert into typecity (typecityid,typeprovinceid,name,latitude,longitude) values (779,21,'Ø¯ÙˆØ³Ø§Ø±ÛŒ',28.423189163208,57.9446907043457);
  Insert into typecity (typecityid,typeprovinceid,name,latitude,longitude) values (780,21,'Ø¯Ù‡Ø¬',30.6871662139893,54.8781776428223);
  Insert into typecity (typecityid,typeprovinceid,name,latitude,longitude) values (781,21,'Ø±Ø§Ø¨Ø±',29.289909362793,56.912956237793);
  Insert into typecity (typecityid,typeprovinceid,name,latitude,longitude) values (782,21,'Ø±Ø§ÙˆØ±',31.2422618865967,56.7984237670899);
  Insert into typecity (typecityid,typeprovinceid,name,latitude,longitude) values (783,21,'Ø±Ø§ÛŒÙ†',29.5988807678223,57.435115814209);
  Insert into typecity (typecityid,typeprovinceid,name,latitude,longitude) values (784,21,'Ø±Ù�Ø³Ù†Ø¬Ø§Ù†',30.3752765655518,55.9876480102539);
  Insert into typecity (typecityid,typeprovinceid,name,latitude,longitude) values (785,21,'Ø±ÙˆØ¯Ø¨Ø§Ø±',28.0208168029785,57.9945793151856);
  Insert into typecity (typecityid,typeprovinceid,name,latitude,longitude) values (786,21,'Ø±ÛŒØ­Ø§Ù† Ø´Ù‡Ø±',30.7513370513916,56.7360801696777);
  Insert into typecity (typecityid,typeprovinceid,name,latitude,longitude) values (787,21,'Ø²Ø±Ù†Ø¯',30.8117275238037,56.551872253418);
  Insert into typecity (typecityid,typeprovinceid,name,latitude,longitude) values (788,21,'Ø²Ù†Ú¯ÛŒ Ø¢Ø¨Ø§Ø¯',30.41259765625,56.9147338867188);
  Insert into typecity (typecityid,typeprovinceid,name,latitude,longitude) values (789,21,'Ø²ÛŒØ¯Ø¢Ø¨Ø§Ø¯',29.5985698699951,55.5349082946777);
  Insert into typecity (typecityid,typeprovinceid,name,latitude,longitude) values (790,21,'Ø³Ø±Ú†Ø´Ù…Ù‡',29.9973373413086,55.7947235107422);
  Insert into typecity (typecityid,typeprovinceid,name,latitude,longitude) values (791,21,'Ø³ÛŒØ±Ø¬Ø§Ù†',29.4376163482666,55.6749076843262);
  Insert into typecity (typecityid,typeprovinceid,name,latitude,longitude) values (792,21,'Ø´Ù‡Ø¯Ø§Ø¯',30.4166812896729,57.7017097473145);
  Insert into typecity (typecityid,typeprovinceid,name,latitude,longitude) values (793,21,'Ø´Ù‡Ø±Ø¨Ø§Ø¨Ú©',30.1183261871338,55.1207885742187);
  Insert into typecity (typecityid,typeprovinceid,name,latitude,longitude) values (794,21,'ØµÙ�Ø§Ø¦ÛŒÙ‡',30.827823638916,55.8113784790039);
  Insert into typecity (typecityid,typeprovinceid,name,latitude,longitude) values (795,21,'Ø¹Ù†Ø¨Ø±Ø¢Ø¨Ø§Ø¯',28.4789180755615,57.8425254821777);
  Insert into typecity (typecityid,typeprovinceid,name,latitude,longitude) values (796,21,'Ù�Ø§Ø±ÛŒØ§Ø¨',28.0970840454102,57.2282791137695);
  Insert into typecity (typecityid,typeprovinceid,name,latitude,longitude) values (797,21,'Ù�Ù‡Ø±Ø¬',28.9478435516357,58.8851127624512);
  Insert into typecity (typecityid,typeprovinceid,name,latitude,longitude) values (798,21,'Ù‚Ù„Ø¹Ù‡ Ú¯Ù†Ø¬',27.5163536071777,57.8829689025879);
  Insert into typecity (typecityid,typeprovinceid,name,latitude,longitude) values (799,21,'Ú©Ø§Ø¸Ù… Ø¢Ø¨Ø§Ø¯',30.5605564117432,56.8436584472656);
  Insert into typecity (typecityid,typeprovinceid,name,latitude,longitude) values (800,21,'Ú©Ø±Ù…Ø§Ù†',30.2814025878906,57.0641822814941);
  Insert into typecity (typecityid,typeprovinceid,name,latitude,longitude) values (801,21,'Ú©Ø´Ú©ÙˆØ¦ÛŒÙ‡',30.5305233001709,55.6446189880371);
  Insert into typecity (typecityid,typeprovinceid,name,latitude,longitude) values (802,21,'Ú©ÙˆÙ‡Ø¨Ù†Ø§Ù†',31.4131984710693,56.2793350219727);
  Insert into typecity (typecityid,typeprovinceid,name,latitude,longitude) values (803,21,'Ú©Ù‡Ù†ÙˆØ¬',27.9224548339844,57.6970748901367);
  Insert into typecity (typecityid,typeprovinceid,name,latitude,longitude) values (804,21,'Ú©ÛŒØ§Ù†Ø´Ù‡Ø±',31.1560039520264,56.3811111450195);
  Insert into typecity (typecityid,typeprovinceid,name,latitude,longitude) values (805,21,'Ú¯Ù„Ø¨Ø§Ù�',29.8844203948975,57.731086730957);
  Insert into typecity (typecityid,typeprovinceid,name,latitude,longitude) values (806,21,'Ú¯Ù„Ø²Ø§Ø±',29.7112483978271,57.0401115417481);
  Insert into typecity (typecityid,typeprovinceid,name,latitude,longitude) values (807,21,'Ù„Ø§Ù„Ù‡ Ø²Ø§Ø±',29.5229511260986,56.8163528442383);
  Insert into typecity (typecityid,typeprovinceid,name,latitude,longitude) values (808,21,'Ù…Ø§Ù‡Ø§Ù†',30.0579090118408,57.2897453308106);
  Insert into typecity (typecityid,typeprovinceid,name,latitude,longitude) values (809,21,'Ù…Ø­Ù…Ø¯Ø¢Ø¨Ø§Ø¯',28.6416683197021,59.0174674987793);
  Insert into typecity (typecityid,typeprovinceid,name,latitude,longitude) values (810,21,'Ù…Ø­ÛŒ Ø¢Ø¨Ø§Ø¯',30.0716743469238,57.230110168457);
  Insert into typecity (typecityid,typeprovinceid,name,latitude,longitude) values (811,21,'Ù…Ø±Ø¯Ù‡Ú©',28.3499088287353,58.1599197387695);
  Insert into typecity (typecityid,typeprovinceid,name,latitude,longitude) values (812,21,'Ù…Ù†ÙˆØ¬Ø§Ù†',27.4036674499512,57.4967575073242);
  Insert into typecity (typecityid,typeprovinceid,name,latitude,longitude) values (813,21,'Ù†Ø¬Ù� Ø´Ù‡Ø±',29.3912334442139,55.7205696105957);
  Insert into typecity (typecityid,typeprovinceid,name,latitude,longitude) values (814,21,'Ù†Ø±Ù…Ø§Ø´ÛŒØ±',28.9515285491943,58.699405670166);
  Insert into typecity (typecityid,typeprovinceid,name,latitude,longitude) values (815,21,'Ù†Ø¸Ø§Ù… Ø´Ù‡Ø±',28.9130706787109,58.5514335632324);
  Insert into typecity (typecityid,typeprovinceid,name,latitude,longitude) values (816,21,'Ù†Ú¯Ø§Ø±',29.8572177886963,56.8029174804687);
  Insert into typecity (typecityid,typeprovinceid,name,latitude,longitude) values (817,21,'Ù†ÙˆØ¯Ú˜',27.527156829834,57.4494247436523);
  Insert into typecity (typecityid,typeprovinceid,name,latitude,longitude) values (818,21,'Ù‡Ø¬Ø¯Ú©',30.7576065063477,56.9962043762207);
  Insert into typecity (typecityid,typeprovinceid,name,latitude,longitude) values (819,21,'Ù‡Ù…Ø§Ø´Ù‡Ø±',29.6626358032227,55.8096656799316);
  Insert into typecity (typecityid,typeprovinceid,name,latitude,longitude) values (820,21,'ÛŒØ²Ø¯Ø§Ù† Ø´Ù‡Ø±',30.86643409729,56.3758926391602);
  Insert into typecity (typecityid,typeprovinceid,name,latitude,longitude) values (821,22,'Ø§Ø²Ú¯Ù„Ù‡',34.8334007263184,45.8419189453125);
  Insert into typecity (typecityid,typeprovinceid,name,latitude,longitude) values (822,22,'Ø§Ø³Ù„Ø§Ù… Ø¢Ø¨Ø§Ø¯ØºØ±Ø¨',34.1096153259277,46.5205688476563);
  Insert into typecity (typecityid,typeprovinceid,name,latitude,longitude) values (823,22,'Ø¨Ø§ÛŒÙ†Ú¯Ø§Ù†',34.9814071655273,46.2704124450684);
  Insert into typecity (typecityid,typeprovinceid,name,latitude,longitude) values (824,22,'Ø¨ÛŒØ³ØªÙˆÙ†',34.3945846557617,47.4476852416992);
  Insert into typecity (typecityid,typeprovinceid,name,latitude,longitude) values (825,22,'Ù¾Ø§ÙˆÙ‡',35.0266914367676,46.3669662475586);
  Insert into typecity (typecityid,typeprovinceid,name,latitude,longitude) values (826,22,'ØªØ§Ø²Ù‡ Ø¢Ø¨Ø§Ø¯',34.7386207580566,46.1516151428223);
  Insert into typecity (typecityid,typeprovinceid,name,latitude,longitude) values (827,22,'Ø¬ÙˆØ§Ù†Ø±ÙˆØ¯',34.8061637878418,46.4921913146973);
  Insert into typecity (typecityid,typeprovinceid,name,latitude,longitude) values (828,22,'Ø­Ù…ÛŒÙ„',33.9380111694336,46.7728652954102);
  Insert into typecity (typecityid,typeprovinceid,name,latitude,longitude) values (829,22,'Ø±Ø¨Ø§Ø·',34.2685928344727,46.8064117431641);
  Insert into typecity (typecityid,typeprovinceid,name,latitude,longitude) values (830,22,'Ø±ÙˆØ§Ù†Ø³Ø±',34.716178894043,46.6560707092285);
  Insert into typecity (typecityid,typeprovinceid,name,latitude,longitude) values (831,22,'Ø³Ø±Ù¾Ù„ Ø°Ù‡Ø§Ø¨',34.4486808776855,45.8630256652832);
  Insert into typecity (typecityid,typeprovinceid,name,latitude,longitude) values (832,22,'Ø³Ø±Ù…Ø³Øª',34.0269546508789,46.3317527770996);
  Insert into typecity (typecityid,typeprovinceid,name,latitude,longitude) values (833,22,'Ø³Ø·Ø±',34.8133888244629,47.4608764648437);
  Insert into typecity (typecityid,typeprovinceid,name,latitude,longitude) values (834,22,'Ø³Ù†Ù‚Ø±',34.7627067565918,47.5996322631836);
  Insert into typecity (typecityid,typeprovinceid,name,latitude,longitude) values (835,22,'Ø³ÙˆÙ…Ø§Ø±',33.865535736084,45.6409721374512);
  Insert into typecity (typecityid,typeprovinceid,name,latitude,longitude) values (836,22,'Ø´Ø§Ù‡Ùˆ',34.9307899475098,46.461109161377);
  Insert into typecity (typecityid,typeprovinceid,name,latitude,longitude) values (837,22,'ØµØ­Ù†Ù‡',34.4755172729492,47.6852188110352);
  Insert into typecity (typecityid,typeprovinceid,name,latitude,longitude) values (838,22,'Ù‚ØµØ±Ø´ÛŒØ±ÛŒÙ†',34.5075302124023,45.5892906188965);
  Insert into typecity (typecityid,typeprovinceid,name,latitude,longitude) values (839,22,'Ú©Ø±Ù…Ø§Ù†Ø´Ø§Ù‡',34.314094543457,47.0971412658691);
  Insert into typecity (typecityid,typeprovinceid,name,latitude,longitude) values (840,22,'Ú©Ø±Ù†Ø¯ØºØ±Ø¨',34.2787055969238,46.2320365905762);
  Insert into typecity (typecityid,typeprovinceid,name,latitude,longitude) values (841,22,'Ú©Ù†Ú¯Ø§ÙˆØ±',34.5016670227051,47.9620208740234);
  Insert into typecity (typecityid,typeprovinceid,name,latitude,longitude) values (842,22,'Ú©ÙˆØ²Ø±Ø§Ù†',34.4957618713379,46.6020736694336);
  Insert into typecity (typecityid,typeprovinceid,name,latitude,longitude) values (843,22,'Ú¯Ù‡ÙˆØ§Ø±Ù‡',34.3440818786621,46.4158592224121);
  Insert into typecity (typecityid,typeprovinceid,name,latitude,longitude) values (844,22,'Ú¯ÛŒÙ„Ø§Ù†ØºØ±Ø¨',34.1403198242187,45.9247665405273);
  Insert into typecity (typecityid,typeprovinceid,name,latitude,longitude) values (845,22,'Ù…ÛŒØ§Ù† Ø±Ø§Ù‡Ø§Ù†',34.5838813781738,47.4446678161621);
  Insert into typecity (typecityid,typeprovinceid,name,latitude,longitude) values (846,22,'Ù†ÙˆØ¯Ø´Ù‡',35.1805038452148,46.2534065246582);
  Insert into typecity (typecityid,typeprovinceid,name,latitude,longitude) values (847,22,'Ù†ÙˆØ³ÙˆØ¯',35.1575126647949,46.2065391540527);
  Insert into typecity (typecityid,typeprovinceid,name,latitude,longitude) values (848,22,'Ù‡Ø±Ø³ÛŒÙ†',34.2700042724609,47.5803756713867);
  Insert into typecity (typecityid,typeprovinceid,name,latitude,longitude) values (849,22,'Ù‡Ù„Ø´ÛŒ',34.1101531982422,47.0904312133789);
  Insert into typecity (typecityid,typeprovinceid,name,latitude,longitude) values (850,23,'Ø¨Ø§Ø´Øª',30.3621273040771,51.1563262939453);
  Insert into typecity (typecityid,typeprovinceid,name,latitude,longitude) values (851,23,'Ù¾Ø§ØªØ§ÙˆÙ‡',30.9525718688965,51.270751953125);
  Insert into typecity (typecityid,typeprovinceid,name,latitude,longitude) values (852,23,'Ú†Ø±Ø§Ù…',30.7554721832275,50.7468414306641);
  Insert into typecity (typecityid,typeprovinceid,name,latitude,longitude) values (853,23,'Ú†ÛŒØªØ§Ø¨',30.7949180603027,51.3247375488281);
  Insert into typecity (typecityid,typeprovinceid,name,latitude,longitude) values (854,23,'Ø¯ÙˆÚ¯Ù†Ø¨Ø¯Ø§Ù†',30.3634624481201,50.7830123901367);
  Insert into typecity (typecityid,typeprovinceid,name,latitude,longitude) values (855,23,'Ø¯Ù‡Ø¯Ø´Øª',30.7952117919922,50.5633506774902);
  Insert into typecity (typecityid,typeprovinceid,name,latitude,longitude) values (856,23,'Ø¯ÛŒØ´Ù…ÙˆÚ©',31.2985229492187,50.4017677307129);
  Insert into typecity (typecityid,typeprovinceid,name,latitude,longitude) values (857,23,'Ø³ÙˆÙ‚',30.8556518554687,50.4598388671875);
  Insert into typecity (typecityid,typeprovinceid,name,latitude,longitude) values (858,23,'Ø³ÛŒ Ø³Ø®Øª',30.8575649261475,51.4587287902832);
  Insert into typecity (typecityid,typeprovinceid,name,latitude,longitude) values (859,23,'Ù‚Ù„Ø¹Ù‡ Ø±Ø¦ÛŒØ³ÛŒ',31.1903476715088,50.4440116882324);
  Insert into typecity (typecityid,typeprovinceid,name,latitude,longitude) values (860,23,'Ú¯Ø±Ø§Ø¨ Ø³Ù�Ù„ÛŒ',30.9445819854736,50.8993682861328);
  Insert into typecity (typecityid,typeprovinceid,name,latitude,longitude) values (861,23,'Ù„Ù†Ø¯Ù‡',30.9826679229736,50.4196891784668);
  Insert into typecity (typecityid,typeprovinceid,name,latitude,longitude) values (862,23,'Ù„ÛŒÚ©Ú©',30.8971843719482,50.0928344726563);
  Insert into typecity (typecityid,typeprovinceid,name,latitude,longitude) values (863,23,'Ù…Ø§Ø¯ÙˆØ§Ù†',30.7121486663818,51.5545654296875);
  Insert into typecity (typecityid,typeprovinceid,name,latitude,longitude) values (864,23,'Ù…Ø§Ø±Ú¯ÙˆÙ†',30.9933414459228,51.0781402587891);
  Insert into typecity (typecityid,typeprovinceid,name,latitude,longitude) values (865,23,'ÛŒØ§Ø³ÙˆØ¬',30.6567630767822,51.5824241638184);
  Insert into typecity (typecityid,typeprovinceid,name,latitude,longitude) values (866,24,'Ø§Ù†Ø¨Ø§Ø±Ø¢Ù„ÙˆÙ…',37.1327247619629,54.6186332702637);
  Insert into typecity (typecityid,typeprovinceid,name,latitude,longitude) values (867,24,'Ø§ÛŒÙ†Ú†Ù‡ Ø¨Ø±ÙˆÙ†',37.4538345336914,54.7190017700195);
  Insert into typecity (typecityid,typeprovinceid,name,latitude,longitude) values (868,24,'Ø¢Ø²Ø§Ø¯Ø´Ù‡Ø±',37.0866317749023,55.1694793701172);
  Insert into typecity (typecityid,typeprovinceid,name,latitude,longitude) values (869,24,'Ø¢Ù‚ Ù‚Ù„Ø§',37.0095405578613,54.4567451477051);
  Insert into typecity (typecityid,typeprovinceid,name,latitude,longitude) values (870,24,'Ø¨Ù†Ø¯Ø±Ú¯Ø²',36.7540588378906,53.9507141113281);
  Insert into typecity (typecityid,typeprovinceid,name,latitude,longitude) values (871,24,'ØªØ±Ú©Ù…Ù†',36.9030113220215,54.0750198364258);
  Insert into typecity (typecityid,typeprovinceid,name,latitude,longitude) values (872,24,'Ø¬Ù„ÛŒÙ†',36.8546447753906,54.5367431640625);
  Insert into typecity (typecityid,typeprovinceid,name,latitude,longitude) values (873,24,'Ø®Ø§Ù† Ø¨Ø¨ÛŒÙ†',37.0126800537109,54.9878158569336);
  Insert into typecity (typecityid,typeprovinceid,name,latitude,longitude) values (874,24,'Ø¯Ù„Ù†Ø¯',37.0352478027344,55.0422592163086);
  Insert into typecity (typecityid,typeprovinceid,name,latitude,longitude) values (875,24,'Ø±Ø§Ù…ÛŒØ§Ù†',37.0184516906738,55.1420783996582);
  Insert into typecity (typecityid,typeprovinceid,name,latitude,longitude) values (876,24,'Ø³Ø±Ø®Ù†Ú©Ù„Ø§ØªÙ‡',36.8829803466797,54.569393157959);
  Insert into typecity (typecityid,typeprovinceid,name,latitude,longitude) values (877,24,'Ø³ÛŒÙ…ÛŒÙ† Ø´Ù‡Ø±',37.0112991333008,54.2320899963379);
  Insert into typecity (typecityid,typeprovinceid,name,latitude,longitude) values (878,24,'Ø¹Ù„ÛŒ Ø¢Ø¨Ø§Ø¯',36.9124031066895,54.8577003479004);
  Insert into typecity (typecityid,typeprovinceid,name,latitude,longitude) values (879,24,'Ù�Ø§Ø¶Ù„ Ø¢Ø¨Ø§Ø¯',36.8994674682617,54.7512702941895);
  Insert into typecity (typecityid,typeprovinceid,name,latitude,longitude) values (880,24,'Ú©Ø±Ø¯Ú©ÙˆÛŒ',36.7945251464844,54.1099166870117);
  Insert into typecity (typecityid,typeprovinceid,name,latitude,longitude) values (881,24,'Ú©Ù„Ø§Ù„Ù‡',37.3811225891113,55.4916152954102);
  Insert into typecity (typecityid,typeprovinceid,name,latitude,longitude) values (882,24,'Ú¯Ø§Ù„ÛŒÚ©Ø´',37.2704048156738,55.4310722351074);
  Insert into typecity (typecityid,typeprovinceid,name,latitude,longitude) values (883,24,'Ú¯Ø±Ú¯Ø§Ù†',36.8451995849609,54.4287986755371);
  Insert into typecity (typecityid,typeprovinceid,name,latitude,longitude) values (884,24,'Ú¯Ù…ÛŒØ´ ØªÙ¾Ù‡',37.0716590881348,54.0754203796387);
  Insert into typecity (typecityid,typeprovinceid,name,latitude,longitude) values (885,24,'Ú¯Ù†Ø¨Ø¯ Ú©Ø§ÙˆÙˆØ³',37.2478141784668,55.1757392883301);
  Insert into typecity (typecityid,typeprovinceid,name,latitude,longitude) values (886,24,'Ù…Ø±Ø§ÙˆÙ‡ ØªÙ¾Ù‡',37.9047088623047,55.961727142334);
  Insert into typecity (typecityid,typeprovinceid,name,latitude,longitude) values (887,24,'Ù…ÛŒÙ†ÙˆØ¯Ø´Øª',37.2296600341797,55.3750877380371);
  Insert into typecity (typecityid,typeprovinceid,name,latitude,longitude) values (888,24,'Ù†Ú¯ÛŒÙ† Ø´Ù‡Ø±',37.1390571594238,55.1641464233398);
  Insert into typecity (typecityid,typeprovinceid,name,latitude,longitude) values (889,24,'Ù†ÙˆØ¯Ù‡ Ø®Ø§Ù†Ø¯ÙˆØ²',37.0762672424316,55.2622222900391);
  Insert into typecity (typecityid,typeprovinceid,name,latitude,longitude) values (890,24,'Ù†ÙˆÚ©Ù†Ø¯Ù‡',36.7397651672363,53.9131202697754);
  Insert into typecity (typecityid,typeprovinceid,name,latitude,longitude) values (891,25,'Ø§Ø­Ù…Ø¯Ø³Ø±Ú¯ÙˆØ±Ø§Ø¨',37.1335983276367,49.3679275512695);
  Insert into typecity (typecityid,typeprovinceid,name,latitude,longitude) values (892,25,'Ø§Ø³Ø§Ù„Ù…',37.7357025146484,48.945873260498);
  Insert into typecity (typecityid,typeprovinceid,name,latitude,longitude) values (893,25,'Ø§Ø·Ø§Ù‚ÙˆØ±',37.1101684570313,50.1138687133789);
  Insert into typecity (typecityid,typeprovinceid,name,latitude,longitude) values (894,25,'Ø§Ù…Ù„Ø´',37.0872116088867,50.1910285949707);
  Insert into typecity (typecityid,typeprovinceid,name,latitude,longitude) values (895,25,'Ø¢Ø³ØªØ§Ø±Ø§',38.3871803283691,48.8692474365234);
  Insert into typecity (typecityid,typeprovinceid,name,latitude,longitude) values (896,25,'Ø¢Ø³ØªØ§Ù†Ù‡ Ø§Ø´Ø±Ù�ÛŒÙ‡',37.2635917663574,49.9449081420898);
  Insert into typecity (typecityid,typeprovinceid,name,latitude,longitude) values (897,25,'Ø¨Ø§Ø²Ø§Ø±Ø¬Ù…Ø¹Ù‡',37.4068183898926,49.1182670593262);
  Insert into typecity (typecityid,typeprovinceid,name,latitude,longitude) values (898,25,'Ø¨Ø±Ù‡ Ø³Ø±',36.776725769043,49.7524108886719);
  Insert into typecity (typecityid,typeprovinceid,name,latitude,longitude) values (899,25,'Ø¨Ù†Ø¯Ø±Ø§Ù†Ø²Ù„ÛŒ',37.4667053222656,49.4626998901367);
  Insert into typecity (typecityid,typeprovinceid,name,latitude,longitude) values (900,25,'Ù¾Ø±Ù‡ Ø³Ø±',37.6034317016602,49.0693817138672);
  Insert into typecity (typecityid,typeprovinceid,name,latitude,longitude) values (901,25,'ØªÙˆØªÚ©Ø§Ø¨Ù†',36.8939094543457,49.5256690979004);
  Insert into typecity (typecityid,typeprovinceid,name,latitude,longitude) values (902,25,'Ø¬ÛŒØ±Ù†Ø¯Ù‡',36.7013282775879,49.7905616760254);
  Insert into typecity (typecityid,typeprovinceid,name,latitude,longitude) values (903,25,'Ú†Ø§Ø¨Ú©Ø³Ø±',36.9746398925781,50.5547218322754);
  Insert into typecity (typecityid,typeprovinceid,name,latitude,longitude) values (904,25,'Ú†Ø§Ù� ÙˆÚ†Ù…Ø®Ø§Ù„Ù‡',37.2164649963379,50.2256584167481);
  Insert into typecity (typecityid,typeprovinceid,name,latitude,longitude) values (905,25,'Ú†ÙˆØ¨Ø±',37.0896263122559,49.4218254089356);
  Insert into typecity (typecityid,typeprovinceid,name,latitude,longitude) values (906,25,'Ø­ÙˆÛŒÙ‚',38.1542205810547,48.8903465270996);
  Insert into typecity (typecityid,typeprovinceid,name,latitude,longitude) values (907,25,'Ø®Ø´Ú©Ø¨ÛŒØ¬Ø§Ø±',37.3741455078125,49.7586975097656);
  Insert into typecity (typecityid,typeprovinceid,name,latitude,longitude) values (908,25,'Ø®Ù…Ø§Ù…',37.382152557373,49.6518440246582);
  Insert into typecity (typecityid,typeprovinceid,name,latitude,longitude) values (909,25,'Ø¯ÛŒÙ„Ù…Ø§Ù†',36.8835411071777,49.9071426391602);
  Insert into typecity (typecityid,typeprovinceid,name,latitude,longitude) values (910,25,'Ø±Ø§Ù†Ú©ÙˆÙ‡',37.0497741699219,50.2364845275879);
  Insert into typecity (typecityid,typeprovinceid,name,latitude,longitude) values (911,25,'Ø±Ø­ÛŒÙ… Ø¢Ø¨Ø§Ø¯',37.0331649780273,50.3370513916016);
  Insert into typecity (typecityid,typeprovinceid,name,latitude,longitude) values (912,25,'Ø±Ø³ØªÙ… Ø¢Ø¨Ø§Ø¯',36.8840713500977,49.4915733337402);
  Insert into typecity (typecityid,typeprovinceid,name,latitude,longitude) values (913,25,'Ø±Ø´Øª',37.2841453552246,49.5904083251953);
  Insert into typecity (typecityid,typeprovinceid,name,latitude,longitude) values (914,25,'Ø±Ø¶ÙˆØ§Ù†Ø´Ù‡Ø±',37.5505561828613,49.1397018432617);
  Insert into typecity (typecityid,typeprovinceid,name,latitude,longitude) values (915,25,'Ø±ÙˆØ¯Ø¨Ø§Ø±',36.8066596984863,49.4189758300781);
  Insert into typecity (typecityid,typeprovinceid,name,latitude,longitude) values (916,25,'Ø±ÙˆØ¯Ø¨Ù†Ù‡',37.256591796875,50.0082054138184);
  Insert into typecity (typecityid,typeprovinceid,name,latitude,longitude) values (917,25,'Ø±ÙˆØ¯Ø³Ø±',37.1326484680176,50.3002548217773);
  Insert into typecity (typecityid,typeprovinceid,name,latitude,longitude) values (918,25,'Ø³Ù†Ú¯Ø±',37.179141998291,49.6977157592773);
  Insert into typecity (typecityid,typeprovinceid,name,latitude,longitude) values (919,25,'Ø³ÛŒØ§Ù‡Ú©Ù„',37.1510925292969,49.872371673584);
  Insert into typecity (typecityid,typeprovinceid,name,latitude,longitude) values (920,25,'Ø´Ù�Øª',37.1638145446777,49.4030914306641);
  Insert into typecity (typecityid,typeprovinceid,name,latitude,longitude) values (921,25,'Ø´Ù„Ù…Ø§Ù†',37.1599006652832,50.2166519165039);
  Insert into typecity (typecityid,typeprovinceid,name,latitude,longitude) values (922,25,'ØµÙˆÙ…Ø¹Ù‡ Ø³Ø±Ø§',37.3028335571289,49.3201217651367);
  Insert into typecity (typecityid,typeprovinceid,name,latitude,longitude) values (923,25,'Ù�ÙˆÙ…Ù†',37.225700378418,49.3110008239746);
  Insert into typecity (typecityid,typeprovinceid,name,latitude,longitude) values (924,25,'Ú©Ù„Ø§Ú†Ø§ÛŒ',37.0746803283691,50.3994026184082);
  Insert into typecity (typecityid,typeprovinceid,name,latitude,longitude) values (925,25,'Ú©ÙˆÚ†ØµÙ�Ù‡Ø§Ù†',37.2771644592285,49.768138885498);
  Insert into typecity (typecityid,typeprovinceid,name,latitude,longitude) values (926,25,'Ú©ÙˆÙ…Ù„Ù‡',37.1506271362305,50.1761817932129);
  Insert into typecity (typecityid,typeprovinceid,name,latitude,longitude) values (927,25,'Ú©ÛŒØ§Ø´Ù‡Ø±',37.4223365783691,49.930534362793);
  Insert into typecity (typecityid,typeprovinceid,name,latitude,longitude) values (928,25,'Ú¯ÙˆØ±Ø§Ø¨ Ø²Ø±Ù…ÛŒØ®',37.3001594543457,49.2186317443848);
  Insert into typecity (typecityid,typeprovinceid,name,latitude,longitude) values (929,25,'Ù„Ø§Ù‡ÛŒØ¬Ø§Ù†',37.202392578125,50.0108184814453);
  Insert into typecity (typecityid,typeprovinceid,name,latitude,longitude) values (930,25,'Ù„Ø´Øª Ù†Ø´Ø§Ø¡',37.3623886108398,49.8618431091309);
  Insert into typecity (typecityid,typeprovinceid,name,latitude,longitude) values (931,25,'Ù„Ù†Ú¯Ø±ÙˆØ¯',37.1956748962402,50.1474266052246);
  Insert into typecity (typecityid,typeprovinceid,name,latitude,longitude) values (932,25,'Ù„ÙˆØ´Ø§Ù†',36.6312561035156,49.5147705078125);
  Insert into typecity (typecityid,typeprovinceid,name,latitude,longitude) values (933,25,'Ù„ÙˆÙ„Ù…Ø§Ù†',37.2523498535156,49.8250846862793);
  Insert into typecity (typecityid,typeprovinceid,name,latitude,longitude) values (934,25,'Ù„ÙˆÙ†Ø¯ÙˆÛŒÙ„',38.309268951416,48.8634910583496);
  Insert into typecity (typecityid,typeprovinceid,name,latitude,longitude) values (935,25,'Ù„ÛŒØ³Ø§Ø±',37.9374885559082,48.9162368774414);
  Insert into typecity (typecityid,typeprovinceid,name,latitude,longitude) values (936,25,'Ù…Ø§Ø³Ø§Ù„',37.3655014038086,49.1317672729492);
  Insert into typecity (typecityid,typeprovinceid,name,latitude,longitude) values (937,25,'Ù…Ø§Ø³ÙˆÙ„Ù‡',37.1560363769531,48.9893798828125);
  Insert into typecity (typecityid,typeprovinceid,name,latitude,longitude) values (938,25,'Ù…Ø±Ø¬Ù‚Ù„',37.2835998535156,49.3794860839844);
  Insert into typecity (typecityid,typeprovinceid,name,latitude,longitude) values (939,25,'Ù…Ù†Ø¬ÛŒÙ„',36.7412986755371,49.4185409545898);
  Insert into typecity (typecityid,typeprovinceid,name,latitude,longitude) values (940,25,'ÙˆØ§Ø¬Ø§Ø±Ú¯Ø§Ù‡',37.0417518615723,50.4137382507324);
  Insert into typecity (typecityid,typeprovinceid,name,latitude,longitude) values (941,25,'Ù‡Ø´ØªÙ¾Ø±',37.7955589294434,48.9043807983398);
  Insert into typecity (typecityid,typeprovinceid,name,latitude,longitude) values (942,26,'Ø§Ø²Ù†Ø§',33.4573287963867,49.4542121887207);
  Insert into typecity (typecityid,typeprovinceid,name,latitude,longitude) values (943,26,'Ø§Ø´ØªØ±ÛŒÙ†Ø§Ù†',34.017406463623,48.6421852111816);
  Insert into typecity (typecityid,typeprovinceid,name,latitude,longitude) values (944,26,'Ø§Ù„Ø´ØªØ±',33.8614082336426,48.259765625);
  Insert into typecity (typecityid,typeprovinceid,name,latitude,longitude) values (945,26,'Ø§Ù„ÛŒÚ¯ÙˆØ¯Ø±Ø²',33.4015464782715,49.6931686401367);
  Insert into typecity (typecityid,typeprovinceid,name,latitude,longitude) values (946,26,'Ø¨Ø±ÙˆØ¬Ø±Ø¯',33.8982925415039,48.7546806335449);
  Insert into typecity (typecityid,typeprovinceid,name,latitude,longitude) values (947,26,'Ù¾Ù„Ø¯Ø®ØªØ±',33.1529273986816,47.7143173217773);
  Insert into typecity (typecityid,typeprovinceid,name,latitude,longitude) values (948,26,'Ú†Ø§Ù„Ø§Ù†Ú†ÙˆÙ„Ø§Ù†',33.6646156311035,48.9066581726074);
  Insert into typecity (typecityid,typeprovinceid,name,latitude,longitude) values (949,26,'Ú†ØºÙ„ÙˆÙ†Ø¯ÛŒ',33.6491737365723,48.5595436096191);
  Insert into typecity (typecityid,typeprovinceid,name,latitude,longitude) values (950,26,'Ú†Ù‚Ø§Ø¨Ù„',33.2818489074707,47.5080184936523);
  Insert into typecity (typecityid,typeprovinceid,name,latitude,longitude) values (951,26,'Ø®Ø±Ù… Ø¢Ø¨Ø§Ø¯',33.4569625854492,48.3489112854004);
  Insert into typecity (typecityid,typeprovinceid,name,latitude,longitude) values (952,26,'Ø¯Ø±Ø¨ Ú¯Ù†Ø¨Ø¯',33.6907615661621,47.1482963562012);
  Insert into typecity (typecityid,typeprovinceid,name,latitude,longitude) values (953,26,'Ø¯ÙˆØ±ÙˆØ¯',33.4942016601562,49.0568084716797);
  Insert into typecity (typecityid,typeprovinceid,name,latitude,longitude) values (954,26,'Ø²Ø§ØºÙ‡',33.4957275390625,48.7075462341309);
  Insert into typecity (typecityid,typeprovinceid,name,latitude,longitude) values (955,26,'Ø³Ù¾ÛŒØ¯Ø¯Ø´Øª',33.2197761535645,48.8839111328125);
  Insert into typecity (typecityid,typeprovinceid,name,latitude,longitude) values (956,26,'Ø³Ø±Ø§Ø¨ Ø¯ÙˆØ±Ù‡',33.5631103515625,48.0200538635254);
  Insert into typecity (typecityid,typeprovinceid,name,latitude,longitude) values (957,26,'Ø´ÙˆÙ„ Ø¢Ø¨Ø§Ø¯',33.1855888366699,49.1909103393555);
  Insert into typecity (typecityid,typeprovinceid,name,latitude,longitude) values (958,26,'Ù�ÛŒØ±ÙˆØ²Ø¢Ø¨Ø§Ø¯',33.8990325927734,48.1031074523926);
  Insert into typecity (typecityid,typeprovinceid,name,latitude,longitude) values (959,26,'Ú©ÙˆÙ†Ø§Ù†ÛŒ',33.4024696350098,47.325439453125);
  Insert into typecity (typecityid,typeprovinceid,name,latitude,longitude) values (960,26,'Ú©ÙˆÙ‡Ø¯Ø´Øª',33.5341529846191,47.6084632873535);
  Insert into typecity (typecityid,typeprovinceid,name,latitude,longitude) values (961,26,'Ú¯Ø±Ø§Ø¨',33.4741363525391,47.2369995117188);
  Insert into typecity (typecityid,typeprovinceid,name,latitude,longitude) values (962,26,'Ù…Ø¹Ù…ÙˆÙ„Ø§Ù†',33.3794097900391,47.9618835449219);
  Insert into typecity (typecityid,typeprovinceid,name,latitude,longitude) values (963,26,'Ù…Ø¤Ù…Ù† Ø¢Ø¨Ø§Ø¯',33.5847854614258,49.518482208252);
  Insert into typecity (typecityid,typeprovinceid,name,latitude,longitude) values (964,26,'Ù†ÙˆØ±Ø¢Ø¨Ø§Ø¯',34.0703964233398,47.9731941223145);
  Insert into typecity (typecityid,typeprovinceid,name,latitude,longitude) values (965,26,'ÙˆÛŒØ³ÛŒØ§Ù†',33.486198425293,48.0303382873535);
  Insert into typecity (typecityid,typeprovinceid,name,latitude,longitude) values (966,26,'Ù‡Ù�Øª Ú†Ø´Ù…Ù‡',34.2040557861328,47.7596626281738);
  Insert into typecity (typecityid,typeprovinceid,name,latitude,longitude) values (967,27,'Ø§Ù…ÛŒØ±Ú©Ù„Ø§',36.5987815856934,52.6627388000488);
  Insert into typecity (typecityid,typeprovinceid,name,latitude,longitude) values (968,27,'Ø§ÛŒØ²Ø¯Ø´Ù‡Ø±',36.6012916564941,52.1393775939941);
  Insert into typecity (typecityid,typeprovinceid,name,latitude,longitude) values (969,27,'Ø¢Ù„Ø§Ø´Øª',36.0663604736328,52.8379135131836);
  Insert into typecity (typecityid,typeprovinceid,name,latitude,longitude) values (970,27,'Ø¢Ù…Ù„',36.4774551391602,52.3558349609375);
  Insert into typecity (typecityid,typeprovinceid,name,latitude,longitude) values (971,27,'Ø¨Ø§Ø¨Ù„',36.5211944580078,52.6759300231934);
  Insert into typecity (typecityid,typeprovinceid,name,latitude,longitude) values (972,27,'Ø¨Ø§Ø¨Ù„Ø³Ø±',36.6989364624023,52.6493377685547);
  Insert into typecity (typecityid,typeprovinceid,name,latitude,longitude) values (973,27,'Ø¨Ù„Ø¯Ù‡',36.2012214660645,51.8061027526855);
  Insert into typecity (typecityid,typeprovinceid,name,latitude,longitude) values (974,27,'Ø¨Ù‡Ø´Ù‡Ø±',36.6955413818359,53.5346412658691);
  Insert into typecity (typecityid,typeprovinceid,name,latitude,longitude) values (975,27,'Ø¨Ù‡Ù†Ù…ÛŒØ±',36.6702041625977,52.7622756958008);
  Insert into typecity (typecityid,typeprovinceid,name,latitude,longitude) values (976,27,'Ù¾Ù„ Ø³Ù�ÛŒØ¯',36.1136665344238,53.0577507019043);
  Insert into typecity (typecityid,typeprovinceid,name,latitude,longitude) values (977,27,'Ù¾ÙˆÙ„',36.395580291748,51.5897941589356);
  Insert into typecity (typecityid,typeprovinceid,name,latitude,longitude) values (978,27,'ØªÙ†Ú©Ø§Ø¨Ù†',36.8151397705078,50.8743629455566);
  Insert into typecity (typecityid,typeprovinceid,name,latitude,longitude) values (979,27,'Ø¬ÙˆÛŒØ¨Ø§Ø±',36.6410064697266,52.8998260498047);
  Insert into typecity (typecityid,typeprovinceid,name,latitude,longitude) values (980,27,'Ú†Ø§Ù„ÙˆØ³',36.6539878845215,51.4244689941406);
  Insert into typecity (typecityid,typeprovinceid,name,latitude,longitude) values (981,27,'Ú†Ù…Ø³ØªØ§Ù†',36.4823989868164,52.1211318969727);
  Insert into typecity (typecityid,typeprovinceid,name,latitude,longitude) values (982,27,'Ø®Ø±Ù… Ø¢Ø¨Ø§Ø¯',36.7863121032715,50.867374420166);
  Insert into typecity (typecityid,typeprovinceid,name,latitude,longitude) values (983,27,'Ø®Ù„ÛŒÙ„ Ø´Ù‡Ø±',36.7017631530762,53.6395721435547);
  Insert into typecity (typecityid,typeprovinceid,name,latitude,longitude) values (984,27,'Ø®ÙˆØ´ Ø±ÙˆØ¯Ù¾ÛŒ',36.3714599609375,52.5656929016113);
  Insert into typecity (typecityid,typeprovinceid,name,latitude,longitude) values (985,27,'Ø¯Ø§Ø¨ÙˆØ¯Ø´Øª',36.4806632995605,52.4520378112793);
  Insert into typecity (typecityid,typeprovinceid,name,latitude,longitude) values (986,27,'Ø±Ø§Ù…Ø³Ø±',36.9159889221191,50.6623344421387);
  Insert into typecity (typecityid,typeprovinceid,name,latitude,longitude) values (987,27,'Ø±Ø³ØªÙ…Ú©Ù„Ø§',36.6780815124512,53.4260444641113);
  Insert into typecity (typecityid,typeprovinceid,name,latitude,longitude) values (988,27,'Ø±ÙˆÛŒØ§Ù†',36.5703659057617,51.9688606262207);
  Insert into typecity (typecityid,typeprovinceid,name,latitude,longitude) values (989,27,'Ø±ÛŒÙ†Ù‡',35.8819885253906,52.169750213623);
  Insert into typecity (typecityid,typeprovinceid,name,latitude,longitude) values (990,27,'Ø²Ø±Ú¯Ø± Ù…Ø­Ù„Ù‡',36.516185760498,52.5744132995605);
  Insert into typecity (typecityid,typeprovinceid,name,latitude,longitude) values (991,27,'Ø²ÛŒØ±Ø¢Ø¨',36.1796417236328,52.9746856689453);
  Insert into typecity (typecityid,typeprovinceid,name,latitude,longitude) values (992,27,'Ø³Ø§Ø±ÛŒ',36.5668830871582,53.0600166320801);
  Insert into typecity (typecityid,typeprovinceid,name,latitude,longitude) values (993,27,'Ø³Ø±Ø®Ø±ÙˆØ¯',36.6765747070312,52.4567909240723);
  Insert into typecity (typecityid,typeprovinceid,name,latitude,longitude) values (994,27,'Ø³Ù„Ù…Ø§Ù† Ø´Ù‡Ø±',36.6990242004395,51.1999549865723);
  Insert into typecity (typecityid,typeprovinceid,name,latitude,longitude) values (995,27,'Ø³ÙˆØ±Ú©',36.593921661377,53.2116737365723);
  Insert into typecity (typecityid,typeprovinceid,name,latitude,longitude) values (996,27,'Ø´ÛŒØ±Ú¯Ø§Ù‡',36.2899513244629,52.8809509277344);
  Insert into typecity (typecityid,typeprovinceid,name,latitude,longitude) values (997,27,'Ø´ÛŒØ±ÙˆØ¯',36.8479499816895,50.7905311584473);
  Insert into typecity (typecityid,typeprovinceid,name,latitude,longitude) values (998,27,'Ø¹Ø¨Ø§Ø³ Ø¢Ø¨Ø§Ø¯',36.7212333679199,51.1159706115723);
  Insert into typecity (typecityid,typeprovinceid,name,latitude,longitude) values (999,27,'Ù�Ø±ÛŒØ¯ÙˆÙ†Ú©Ù†Ø§Ø±',36.682804107666,52.5166854858398);
  Insert into typecity (typecityid,typeprovinceid,name,latitude,longitude) values (1000,27,'Ù�Ø±ÛŒÙ…',36.174186706543,53.2669219970703);
  Insert into typecity (typecityid,typeprovinceid,name,latitude,longitude) values (1001,27,'Ù‚Ø§Ø¦Ù… Ø´Ù‡Ø±',36.4643516540527,52.8650817871094);
  Insert into typecity (typecityid,typeprovinceid,name,latitude,longitude) values (1002,27,'Ú©ØªØ§Ù„Ù… ÙˆØ³Ø§Ø¯Ø§Øª Ø´Ù‡Ø±',36.8780632019043,50.7169723510742);
  Insert into typecity (typecityid,typeprovinceid,name,latitude,longitude) values (1003,27,'Ú©Ù„Ø§Ø±Ø¢Ø¨Ø§Ø¯',36.6914291381836,51.2626266479492);
  Insert into typecity (typecityid,typeprovinceid,name,latitude,longitude) values (1004,27,'Ú©Ù„Ø§Ø±Ø¯Ø´Øª',36.4936943054199,51.1449546813965);
  Insert into typecity (typecityid,typeprovinceid,name,latitude,longitude) values (1005,27,'Ú©Ù„Ù‡ Ø¨Ø³Øª',36.6352348327637,52.6267356872559);
  Insert into typecity (typecityid,typeprovinceid,name,latitude,longitude) values (1006,27,'Ú©ÙˆÙ‡ÛŒ Ø®ÛŒÙ„',36.6858100891113,52.9069900512695);
  Insert into typecity (typecityid,typeprovinceid,name,latitude,longitude) values (1007,27,'Ú©ÛŒØ§Ø³Ø±',36.2379150390625,53.5394058227539);
  Insert into typecity (typecityid,typeprovinceid,name,latitude,longitude) values (1008,27,'Ú©ÛŒØ§Ú©Ù„Ø§',36.5818748474121,52.8148193359375);
  Insert into typecity (typecityid,typeprovinceid,name,latitude,longitude) values (1009,27,'Ú¯ØªØ§Ø¨',36.4165954589844,52.6565132141113);
  Insert into typecity (typecityid,typeprovinceid,name,latitude,longitude) values (1010,27,'Ú¯Ø²Ù†Ú©',35.9029426574707,52.2192497253418);
  Insert into typecity (typecityid,typeprovinceid,name,latitude,longitude) values (1011,27,'Ú¯Ù„ÙˆÚ¯Ø§Ù‡',36.7251358032227,53.8110504150391);
  Insert into typecity (typecityid,typeprovinceid,name,latitude,longitude) values (1012,27,'Ù…Ø­Ù…ÙˆØ¯Ø¢Ø¨Ø§Ø¯',36.6314392089844,52.252368927002);
  Insert into typecity (typecityid,typeprovinceid,name,latitude,longitude) values (1013,27,'Ù…Ø±Ø²Ù† Ø¢Ø¨Ø§Ø¯',36.4463157653809,51.2955932617188);
  Insert into typecity (typecityid,typeprovinceid,name,latitude,longitude) values (1014,27,'Ù…Ø±Ø²ÛŒÚ©Ù„Ø§',36.3640480041504,52.7358512878418);
  Insert into typecity (typecityid,typeprovinceid,name,latitude,longitude) values (1015,27,'Ù†Ø´ØªØ§Ø±ÙˆØ¯',36.7482299804688,51.0351104736328);
  Insert into typecity (typecityid,typeprovinceid,name,latitude,longitude) values (1016,27,'Ù†Ú©Ø§',36.6518745422363,53.2936477661133);
  Insert into typecity (typecityid,typeprovinceid,name,latitude,longitude) values (1017,27,'Ù†ÙˆØ±',36.5730743408203,52.0158805847168);
  Insert into typecity (typecityid,typeprovinceid,name,latitude,longitude) values (1018,27,'Ù†ÙˆØ´Ù‡Ø±',36.6470832824707,51.4998435974121);
  Insert into typecity (typecityid,typeprovinceid,name,latitude,longitude) values (1019,28,'Ø§Ø±Ø§Ú©',34.093448638916,49.7220993041992);
  Insert into typecity (typecityid,typeprovinceid,name,latitude,longitude) values (1020,28,'Ø¢Ø³ØªØ§Ù†Ù‡',33.8884582519531,49.3520202636719);
  Insert into typecity (typecityid,typeprovinceid,name,latitude,longitude) values (1021,28,'Ø¢Ø´ØªÛŒØ§Ù†',34.5235900878906,50.0057945251465);
  Insert into typecity (typecityid,typeprovinceid,name,latitude,longitude) values (1022,28,'Ù¾Ø±Ù†Ø¯Ú©',35.3595085144043,50.6805763244629);
  Insert into typecity (typecityid,typeprovinceid,name,latitude,longitude) values (1023,28,'ØªÙ�Ø±Ø´',34.6850204467773,50.0226287841797);
  Insert into typecity (typecityid,typeprovinceid,name,latitude,longitude) values (1024,28,'ØªÙˆØ±Ù‡',34.0461235046387,49.2887992858887);
  Insert into typecity (typecityid,typeprovinceid,name,latitude,longitude) values (1025,28,'Ø¬Ø§ÙˆØ±Ø³ÛŒØ§Ù†',34.2566108703613,49.3269882202148);
  Insert into typecity (typecityid,typeprovinceid,name,latitude,longitude) values (1026,28,'Ø®Ø´Ú©Ø±ÙˆØ¯',35.3995666503906,50.3356056213379);
  Insert into typecity (typecityid,typeprovinceid,name,latitude,longitude) values (1027,28,'Ø®Ù…ÛŒÙ†',33.6410751342773,50.0803070068359);
  Insert into typecity (typecityid,typeprovinceid,name,latitude,longitude) values (1028,28,'Ø®Ù†Ø¯Ø§Ø¨',34.3834495544434,49.1889419555664);
  Insert into typecity (typecityid,typeprovinceid,name,latitude,longitude) values (1029,28,'Ø¯Ø§ÙˆØ¯Ø¢Ø¨Ø§Ø¯',34.2934913635254,49.8550987243652);
  Insert into typecity (typecityid,typeprovinceid,name,latitude,longitude) values (1030,28,'Ø¯Ù„ÛŒØ¬Ø§Ù†',33.9903564453125,50.6816558837891);
  Insert into typecity (typecityid,typeprovinceid,name,latitude,longitude) values (1031,28,'Ø±Ø§Ø²Ù‚Ø§Ù†',35.3310890197754,49.955924987793);
  Insert into typecity (typecityid,typeprovinceid,name,latitude,longitude) values (1032,28,'Ø²Ø§ÙˆÛŒÙ‡',35.3721046447754,50.5703544616699);
  Insert into typecity (typecityid,typeprovinceid,name,latitude,longitude) values (1033,28,'Ø³Ø§Ø±ÙˆÙ‚',34.4079322814941,49.5076866149902);
  Insert into typecity (typecityid,typeprovinceid,name,latitude,longitude) values (1034,28,'Ø³Ø§ÙˆÙ‡',35.025333404541,50.3649215698242);
  Insert into typecity (typecityid,typeprovinceid,name,latitude,longitude) values (1035,28,'Ø³Ù†Ø¬Ø§Ù†',34.0509986877441,49.6242637634277);
  Insert into typecity (typecityid,typeprovinceid,name,latitude,longitude) values (1036,28,'Ø´Ø§Ø²Ù†Ø¯',33.9337005615234,49.4108772277832);
  Insert into typecity (typecityid,typeprovinceid,name,latitude,longitude) values (1037,28,'Ø´Ù‡Ø±Ø¬Ø¯ÛŒØ¯Ù…Ù‡Ø§Ø¬Ø±Ø§Ù†',34.0518798828125,49.4342803955078);
  Insert into typecity (typecityid,typeprovinceid,name,latitude,longitude) values (1038,28,'ØºØ±Ù‚ Ø¢Ø¨Ø§Ø¯',35.1010589599609,49.8305435180664);
  Insert into typecity (typecityid,typeprovinceid,name,latitude,longitude) values (1039,28,'Ù�Ø±Ù…Ù‡ÛŒÙ†',34.4960289001465,49.6843719482422);
  Insert into typecity (typecityid,typeprovinceid,name,latitude,longitude) values (1040,28,'Ù‚ÙˆØ±Ú†ÛŒ Ø¨Ø§Ø´ÛŒ',33.6747779846191,49.8774337768555);
  Insert into typecity (typecityid,typeprovinceid,name,latitude,longitude) values (1041,28,'Ú©Ø±Ù‡Ø±ÙˆØ¯',34.0637016296387,49.6500358581543);
  Insert into typecity (typecityid,typeprovinceid,name,latitude,longitude) values (1042,28,'Ú©Ù…ÛŒØ¬Ø§Ù†',34.719123840332,49.3223342895508);
  Insert into typecity (typecityid,typeprovinceid,name,latitude,longitude) values (1043,28,'Ù…Ø£Ù…ÙˆÙ†ÛŒÙ‡',35.3109397888184,50.4972496032715);
  Insert into typecity (typecityid,typeprovinceid,name,latitude,longitude) values (1044,28,'Ù…Ø­Ù„Ø§Øª',33.9083824157715,50.4541435241699);
  Insert into typecity (typecityid,typeprovinceid,name,latitude,longitude) values (1045,28,'Ù…ÛŒÙ„Ø§Ø¬Ø±Ø¯',34.6212730407715,49.2095832824707);
  Insert into typecity (typecityid,typeprovinceid,name,latitude,longitude) values (1046,28,'Ù†Ø±Ø§Ù‚',34.0117111206055,50.8379707336426);
  Insert into typecity (typecityid,typeprovinceid,name,latitude,longitude) values (1047,28,'Ù†ÙˆØ¨Ø±Ø§Ù†',35.1299438476562,49.709228515625);
  Insert into typecity (typecityid,typeprovinceid,name,latitude,longitude) values (1048,28,'Ù†ÛŒÙ…ÙˆØ±',33.8869171142578,50.5736312866211);
  Insert into typecity (typecityid,typeprovinceid,name,latitude,longitude) values (1049,28,'Ù‡Ù†Ø¯ÙˆØ¯Ø±',33.7794609069824,49.2308654785156);
  Insert into typecity (typecityid,typeprovinceid,name,latitude,longitude) values (1050,29,'Ø§Ø¨ÙˆÙ…ÙˆØ³ÛŒ',25.8834629058838,55.0298538208008);
  Insert into typecity (typecityid,typeprovinceid,name,latitude,longitude) values (1051,29,'Ø¨Ø³ØªÚ©',27.1946144104004,54.3667945861816);
  Insert into typecity (typecityid,typeprovinceid,name,latitude,longitude) values (1052,29,'Ø¨Ù†Ø¯Ø±Ø¬Ø§Ø³Ú©',25.6569957733154,57.8006324768066);
  Insert into typecity (typecityid,typeprovinceid,name,latitude,longitude) values (1053,29,'Ø¨Ù†Ø¯Ø±Ú†Ø§Ø±Ú©',26.7334976196289,54.2734146118164);
  Insert into typecity (typecityid,typeprovinceid,name,latitude,longitude) values (1054,29,'Ø¨Ù†Ø¯Ø±Ø¹Ø¨Ø§Ø³',27.1926517486572,56.2914657592773);
  Insert into typecity (typecityid,typeprovinceid,name,latitude,longitude) values (1055,29,'Ø¨Ù†Ø¯Ø±Ù„Ù†Ú¯Ù‡',26.5475330352783,54.8889236450195);
  Insert into typecity (typecityid,typeprovinceid,name,latitude,longitude) values (1056,29,'Ø¨ÛŒÚ©Ø§Ù‡',27.3489151000977,57.1773262023926);
  Insert into typecity (typecityid,typeprovinceid,name,latitude,longitude) values (1057,29,'Ù¾Ø§Ø±Ø³ÛŒØ§Ù†',27.2039394378662,53.042724609375);
  Insert into typecity (typecityid,typeprovinceid,name,latitude,longitude) values (1058,29,'ØªØ®Øª',27.5003719329834,56.6346778869629);
  Insert into typecity (typecityid,typeprovinceid,name,latitude,longitude) values (1059,29,'Ø¬Ù†Ø§Ø­',27.0181541442871,54.2859954833984);
  Insert into typecity (typecityid,typeprovinceid,name,latitude,longitude) values (1060,29,'Ø­Ø§Ø¬ÛŒ Ø¢Ø¨Ø§Ø¯',28.309211730957,55.9016189575195);
  Insert into typecity (typecityid,typeprovinceid,name,latitude,longitude) values (1061,29,'Ø®Ù…ÛŒØ±',26.9512062072754,55.5879020690918);
  Insert into typecity (typecityid,typeprovinceid,name,latitude,longitude) values (1062,29,'Ø¯Ø±Ú¯Ù‡Ø§Ù†',26.9641761779785,56.0662231445312);
  Insert into typecity (typecityid,typeprovinceid,name,latitude,longitude) values (1063,29,'Ø¯Ù‡Ø¨Ø§Ø±Ø²',27.4419956207275,57.1975021362305);
  Insert into typecity (typecityid,typeprovinceid,name,latitude,longitude) values (1064,29,'Ø±ÙˆÛŒØ¯Ø±',27.4655685424805,55.417537689209);
  Insert into typecity (typecityid,typeprovinceid,name,latitude,longitude) values (1065,29,'Ø²ÛŒØ§Ø±ØªØ¹Ù„ÛŒ',27.7399959564209,57.2263412475586);
  Insert into typecity (typecityid,typeprovinceid,name,latitude,longitude) values (1066,29,'Ø³Ø±Ø¯Ø´Øª Ø¨Ø´Ø§Ú¯Ø±Ø¯',26.4551849365234,57.9012184143066);
  Insert into typecity (typecityid,typeprovinceid,name,latitude,longitude) values (1067,29,'Ø³Ø±Ú¯Ø²',27.9431838989258,56.6569786071777);
  Insert into typecity (typecityid,typeprovinceid,name,latitude,longitude) values (1068,29,'Ø³Ù†Ø¯Ø±Ú©',26.836784362793,57.4265403747559);
  Insert into typecity (typecityid,typeprovinceid,name,latitude,longitude) values (1069,29,'Ø³ÙˆØ²Ø§',26.7803153991699,56.0650024414062);
  Insert into typecity (typecityid,typeprovinceid,name,latitude,longitude) values (1070,29,'Ø³ÛŒØ±ÛŒÚ©',26.521110534668,57.1092872619629);
  Insert into typecity (typecityid,typeprovinceid,name,latitude,longitude) values (1071,29,'Ù�Ø§Ø±ØºØ§Ù†',28.0091457366943,56.252197265625);
  Insert into typecity (typecityid,typeprovinceid,name,latitude,longitude) values (1072,29,'Ù�ÛŒÙ†',27.6335906982422,55.8821067810059);
  Insert into typecity (typecityid,typeprovinceid,name,latitude,longitude) values (1073,29,'Ù‚Ø´Ù…',26.9489421844482,56.2728805541992);
  Insert into typecity (typecityid,typeprovinceid,name,latitude,longitude) values (1074,29,'Ù‚Ù„Ø¹Ù‡ Ù‚Ø§Ø¶ÛŒ',27.4446678161621,56.5446128845215);
  Insert into typecity (typecityid,typeprovinceid,name,latitude,longitude) values (1075,29,'Ú©Ù†Ú¯',26.5961799621582,54.9365730285645);
  Insert into typecity (typecityid,typeprovinceid,name,latitude,longitude) values (1076,29,'Ú©ÙˆØ´Ú©Ù†Ø§Ø±',27.2517395019531,52.867359161377);
  Insert into typecity (typecityid,typeprovinceid,name,latitude,longitude) values (1077,29,'Ú©ÛŒØ´',26.5334243774414,53.9738464355469);
  Insert into typecity (typecityid,typeprovinceid,name,latitude,longitude) values (1078,29,'Ú¯ÙˆÙ‡Ø±Ø§Ù†',26.5946273803711,57.8975868225098);
  Insert into typecity (typecityid,typeprovinceid,name,latitude,longitude) values (1079,29,'Ù…ÛŒÙ†Ø§Ø¨',27.0975875854492,57.0741500854492);
  Insert into typecity (typecityid,typeprovinceid,name,latitude,longitude) values (1080,29,'Ù‡Ø±Ù…Ø²',27.0911407470703,56.4573974609375);
  Insert into typecity (typecityid,typeprovinceid,name,latitude,longitude) values (1081,29,'Ù‡Ø´ØªØ¨Ù†Ø¯ÛŒ',27.1645679473877,57.4512367248535);
  Insert into typecity (typecityid,typeprovinceid,name,latitude,longitude) values (1082,30,'Ø§Ø²Ù†Ø¯Ø±ÛŒØ§Ù†',34.5016326904297,48.6929626464844);
  Insert into typecity (typecityid,typeprovinceid,name,latitude,longitude) values (1083,30,'Ø§Ø³Ø¯Ø¢Ø¨Ø§Ø¯',34.7853584289551,48.1216621398926);
  Insert into typecity (typecityid,typeprovinceid,name,latitude,longitude) values (1084,30,'Ø¨Ø±Ø²ÙˆÙ„',34.2135581970215,48.2609710693359);
  Insert into typecity (typecityid,typeprovinceid,name,latitude,longitude) values (1085,30,'Ø¨Ù‡Ø§Ø±',34.8907051086426,48.4408836364746);
  Insert into typecity (typecityid,typeprovinceid,name,latitude,longitude) values (1086,30,'ØªÙˆÛŒØ³Ø±Ú©Ø§Ù†',34.5490417480469,48.4481163024902);
  Insert into typecity (typecityid,typeprovinceid,name,latitude,longitude) values (1087,30,'Ø¬ÙˆØ±Ù‚Ø§Ù†',34.8818054199219,48.5527992248535);
  Insert into typecity (typecityid,typeprovinceid,name,latitude,longitude) values (1088,30,'Ø¬ÙˆÚ©Ø§Ø±',34.4316062927246,48.6860961914063);
  Insert into typecity (typecityid,typeprovinceid,name,latitude,longitude) values (1089,30,'Ø¯Ù…Ù‚',35.4370346069336,48.8220558166504);
  Insert into typecity (typecityid,typeprovinceid,name,latitude,longitude) values (1090,30,'Ø±Ø²Ù†',35.3906478881836,49.0351142883301);
  Insert into typecity (typecityid,typeprovinceid,name,latitude,longitude) values (1091,30,'Ø²Ù†Ú¯Ù†Ù‡',34.1548385620117,49.0084114074707);
  Insert into typecity (typecityid,typeprovinceid,name,latitude,longitude) values (1092,30,'Ø³Ø§Ù…Ù†',34.2092552185059,48.7035446166992);
  Insert into typecity (typecityid,typeprovinceid,name,latitude,longitude) values (1093,30,'Ø³Ø±Ú©Ø§Ù†',34.594482421875,48.4478874206543);
  Insert into typecity (typecityid,typeprovinceid,name,latitude,longitude) values (1094,30,'Ø´ÛŒØ±ÛŒÙ† Ø³Ùˆ',35.4927253723145,48.450611114502);
  Insert into typecity (typecityid,typeprovinceid,name,latitude,longitude) values (1095,30,'ØµØ§Ù„Ø­ Ø¢Ø¨Ø§Ø¯',34.9220886230469,48.343074798584);
  Insert into typecity (typecityid,typeprovinceid,name,latitude,longitude) values (1096,30,'Ù�Ø§Ù…Ù†ÛŒÙ†',35.1153755187988,48.9722671508789);
  Insert into typecity (typecityid,typeprovinceid,name,latitude,longitude) values (1097,30,'Ù�Ø±Ø³Ù�Ø¬',34.4860610961914,48.2883186340332);
  Insert into typecity (typecityid,typeprovinceid,name,latitude,longitude) values (1098,30,'Ù�ÛŒØ±ÙˆØ²Ø§Ù†',34.3605575561523,48.1161575317383);
  Insert into typecity (typecityid,typeprovinceid,name,latitude,longitude) values (1099,30,'Ù‚Ø±ÙˆÙ‡ Ø¯Ø± Ø¬Ø²ÛŒÙ†',35.3119659423828,49.1000518798828);
  Insert into typecity (typecityid,typeprovinceid,name,latitude,longitude) values (1100,30,'Ù‚Ù‡Ø§ÙˆÙ†Ø¯',34.8583946228027,49.003360748291);
  Insert into typecity (typecityid,typeprovinceid,name,latitude,longitude) values (1101,30,'Ú©Ø¨ÙˆØ¯Ø±Ø¢Ù‡Ù†Ú¯',35.2092437744141,48.7248687744141);
  Insert into typecity (typecityid,typeprovinceid,name,latitude,longitude) values (1102,30,'Ú¯Ù„ ØªÙ¾Ù‡',35.2201385498047,48.2053947448731);
  Insert into typecity (typecityid,typeprovinceid,name,latitude,longitude) values (1103,30,'Ú¯ÛŒØ§Ù†',34.1770248413086,48.244068145752);
  Insert into typecity (typecityid,typeprovinceid,name,latitude,longitude) values (1104,30,'Ù„Ø§Ù„Ø¬ÛŒÙ†',34.9735946655273,48.4783973693848);
  Insert into typecity (typecityid,typeprovinceid,name,latitude,longitude) values (1105,30,'Ù…Ø±ÛŒØ§Ù†Ø¬',34.8318939208984,48.4632682800293);
  Insert into typecity (typecityid,typeprovinceid,name,latitude,longitude) values (1106,30,'Ù…Ù„Ø§ÛŒØ±',34.2973175048828,48.8165473937988);
  Insert into typecity (typecityid,typeprovinceid,name,latitude,longitude) values (1107,30,'Ù†Ù‡Ø§ÙˆÙ†Ø¯',34.1682090759277,48.3755073547363);
  Insert into typecity (typecityid,typeprovinceid,name,latitude,longitude) values (1108,30,'Ù‡Ù…Ø¯Ø§Ù†',34.7918128967285,48.5261459350586);
  Insert into typecity (typecityid,typeprovinceid,name,latitude,longitude) values (1109,31,'Ø§Ø¨Ø±Ú©ÙˆÙ‡',31.1302242279053,53.2794494628906);
  Insert into typecity (typecityid,typeprovinceid,name,latitude,longitude) values (1110,31,'Ø§Ø­Ù…Ø¯Ø¢Ø¨Ø§Ø¯',32.357105255127,53.9913711547852);
  Insert into typecity (typecityid,typeprovinceid,name,latitude,longitude) values (1111,31,'Ø§Ø±Ø¯Ú©Ø§Ù†',32.3069229125977,54.0185623168945);
  Insert into typecity (typecityid,typeprovinceid,name,latitude,longitude) values (1112,31,'Ø§Ø´Ú©Ø°Ø±',32.000244140625,54.2068786621094);
  Insert into typecity (typecityid,typeprovinceid,name,latitude,longitude) values (1113,31,'Ø¨Ø§Ù�Ù‚',31.6040916442871,55.3963813781738);
  Insert into typecity (typecityid,typeprovinceid,name,latitude,longitude) values (1114,31,'Ø¨Ù�Ø±ÙˆØ¦ÛŒÙ‡',32.2723083496094,53.9968109130859);
  Insert into typecity (typecityid,typeprovinceid,name,latitude,longitude) values (1115,31,'Ø¨Ù‡Ø§Ø¨Ø§Ø¯',31.8679790496826,56.0264892578125);
  Insert into typecity (typecityid,typeprovinceid,name,latitude,longitude) values (1116,31,'ØªÙ�Øª',31.7426567077637,54.2077140808105);
  Insert into typecity (typecityid,typeprovinceid,name,latitude,longitude) values (1117,31,'Ø­Ù…ÛŒØ¯ÛŒØ§',31.8193664550781,54.3982772827148);
  Insert into typecity (typecityid,typeprovinceid,name,latitude,longitude) values (1118,31,'Ø®Ø¶Ø±Ø¢Ø¨Ø§Ø¯',31.8654651641846,53.9523773193359);
  Insert into typecity (typecityid,typeprovinceid,name,latitude,longitude) values (1119,31,'Ø¯ÛŒÙ‡ÙˆÚ©',33.2803497314453,57.5159683227539);
  Insert into typecity (typecityid,typeprovinceid,name,latitude,longitude) values (1120,31,'Ø²Ø§Ø±Ú†',31.9842662811279,54.2426147460938);
  Insert into typecity (typecityid,typeprovinceid,name,latitude,longitude) values (1121,31,'Ø´Ø§Ù‡Ø¯ÛŒÙ‡',31.9430103302002,54.2801551818848);
  Insert into typecity (typecityid,typeprovinceid,name,latitude,longitude) values (1122,31,'Ø·Ø¨Ø³',33.5751876831055,56.9353332519531);
  Insert into typecity (typecityid,typeprovinceid,name,latitude,longitude) values (1123,31,'Ø¹Ø´Ù‚ Ø¢Ø¨Ø§Ø¯',34.3663558959961,56.9283180236816);
  Insert into typecity (typecityid,typeprovinceid,name,latitude,longitude) values (1124,31,'Ø¹Ù‚Ø¯Ø§',32.439525604248,53.6316566467285);
  Insert into typecity (typecityid,typeprovinceid,name,latitude,longitude) values (1125,31,'Ù…Ø±ÙˆØ³Øª',30.4653854370117,54.2107696533203);
  Insert into typecity (typecityid,typeprovinceid,name,latitude,longitude) values (1126,31,'Ù…Ù‡Ø±Ø¯Ø´Øª',31.0231647491455,53.3557357788086);
  Insert into typecity (typecityid,typeprovinceid,name,latitude,longitude) values (1127,31,'Ù…Ù‡Ø±ÛŒØ²',31.5574188232422,54.437816619873);
  Insert into typecity (typecityid,typeprovinceid,name,latitude,longitude) values (1128,31,'Ù…ÛŒØ¨Ø¯',32.2422523498535,54.0181427001953);
  Insert into typecity (typecityid,typeprovinceid,name,latitude,longitude) values (1129,31,'Ù†Ø¯ÙˆØ´Ù†',32.029052734375,53.5485153198242);
  Insert into typecity (typecityid,typeprovinceid,name,latitude,longitude) values (1130,31,'Ù†ÛŒØ±',31.4848594665527,54.1288185119629);
  Insert into typecity (typecityid,typeprovinceid,name,latitude,longitude) values (1131,31,'Ù‡Ø±Ø§Øª',30.0508155822754,54.3697013854981);
  Insert into typecity (typecityid,typeprovinceid,name,latitude,longitude) values (1132,31,'ÛŒØ²Ø¯',31.8835220336914,54.3477401733398);

  Insert into person (personid,username,password,confirm,active,block,login,selfregister,validationcode,validationexpiretime,clientserialnumber,clienttype,nationalid,firstname,lastname,mobile,phone,email,father,typecityid,address,zipcode,birthday,sex,picture,totalcredit) values (-1,'administrator','3+Gh3NcHIEO6uK305Yk5mpgZifIAnJXr5Od84oukoV4',1,1,0,0,0,10000,to_timestamp('31-DEC-99 12.00.00.000000000 AM','DD-MON-RR HH.MI.SSXFF AM'),100000000000000,'B','1001000005','Ù…Ø¯ÛŒØ±','Ø³ÛŒØ³ØªÙ…','09120000000','02100000000','ceo@barbanet.ir','Ù¾Ø¯Ø±',303,'Ø­Ú©ÛŒÙ…ÛŒÙ‡ - Ø®ÛŒØ§Ø¨Ø§Ù† Ø¨Ø§Ø¨Ø§ÛŒÛŒØ§Ù† - 15 Ù…ØªØ±ÛŒ Ø§Ù…Ø§Ù… Ø­Ø³ÛŒÙ†','1455223311',null,1,'users/-1.png',1000000000);
  Insert into operator (operatorid,speciality,salary) values (-1,'admin',100000000);
  Insert into personrole (personid,roleid) values (-1,1);

END DATABASE_DEFAULT;

/
--------------------------------------------------------
--  DDL for Procedure DATABASE_SAMPLE
--------------------------------------------------------
set define off;

  CREATE OR REPLACE EDITIONABLE PROCEDURE "ROUTAUSER"."DATABASE_SAMPLE" AS
BEGIN

  Insert into person (personid,username,password,confirm,active,block,login,selfregister,validationcode,validationexpiretime,clientserialnumber,clienttype,nationalid,firstname,lastname,mobile,phone,email,father,typecityid,address,zipcode,birthday,sex,picture,totalcredit) values (-11,'bijan1','3+Gh3NcHIEO6uK305Yk5mpgZifIAnJXr5Od84oukoV4',1,1,0,0,0,10000,to_timestamp('17-JUN-18 06.51.22.510000000 PM','DD-MON-RR HH.MI.SSXFF AM'),100000000000001,'M','1001000005','Ø¨ÛŒÚ˜Ù†','Ù‚Ù‡Ø±Ù…Ø§Ù†ÛŒ','09183167650',null,null,null,303,null,null,null,1,null,0);
  Insert into person (personid,username,password,confirm,active,block,login,selfregister,validationcode,validationexpiretime,clientserialnumber,clienttype,nationalid,firstname,lastname,mobile,phone,email,father,typecityid,address,zipcode,birthday,sex,picture,totalcredit) values (-12,'abasi1','3+Gh3NcHIEO6uK305Yk5mpgZifIAnJXr5Od84oukoV4',1,1,0,0,0,10000,to_timestamp('18-JUN-18 12.19.22.122000000 PM','DD-MON-RR HH.MI.SSXFF AM'),352848078984008,'M','1001000005','Ù…Ø­Ù…Ø¯Ø±Ø¶Ø§','Ø¹Ø¨Ø§Ø³ÛŒ','09123838365',null,null,null,303,null,null,null,1,null,0);
  Insert into person (personid,username,password,confirm,active,block,login,selfregister,validationcode,validationexpiretime,clientserialnumber,clienttype,nationalid,firstname,lastname,mobile,phone,email,father,typecityid,address,zipcode,birthday,sex,picture,totalcredit) values (-13,'ahmadi1','3+Gh3NcHIEO6uK305Yk5mpgZifIAnJXr5Od84oukoV4',1,1,0,0,0,10000,to_timestamp('01-JAN-17 08.00.00.000000000 AM','DD-MON-RR HH.MI.SSXFF AM'),100000000000000,'B','1001000005','Ø³Ø¹ÛŒØ¯','Ø§Ø­Ù…Ø¯ÛŒ','09121234567','02188776611','test1@gmail.com','Ø¹Ù„ÛŒ',303,'Ù…ÛŒØ¯Ø§Ù† Ø¢Ø±Ú˜Ø§Ù†ØªÛŒÙ†ØŒ Ø®ÛŒØ§Ø¨Ø§Ù† Ø§Ø­Ù…Ø¯ Ù‚ØµÛŒØ±','6745233901',null,1,null,0);

  Insert into person (personid,username,password,confirm,active,block,login,selfregister,validationcode,validationexpiretime,clientserialnumber,clienttype,nationalid,firstname,lastname,mobile,phone,email,father,typecityid,address,zipcode,birthday,sex,picture,totalcredit) values (-31,'elyasi1','3+Gh3NcHIEO6uK305Yk5mpgZifIAnJXr5Od84oukoV4',1,1,0,0,1,10000,to_timestamp('01-JAN-17 08.00.00.000000000 AM','DD-MON-RR HH.MI.SSXFF AM'),100000000000000,'B','1001000005','Ù…Ø­Ø³Ù†','Ø§Ù„ÛŒØ§Ø³ÛŒ','09122345678','02188776622','test2@gmail.com','Ù…Ø­Ù…Ø¯',303,'Ù…ÛŒØ¯Ø§Ù† Ø¢Ø±Ú˜Ø§Ù†ØªÛŒÙ†ØŒ Ø®ÛŒØ§Ø¨Ø§Ù† Ø§Ø­Ù…Ø¯ Ù‚ØµÛŒØ±','6745233901',to_timestamp('01-JAN-90 12.00.00.000000000 AM','DD-MON-RR HH.MI.SSXFF AM'),1,'users/-31.png',5000000);
  Insert into person (personid,username,password,confirm,active,block,login,selfregister,validationcode,validationexpiretime,clientserialnumber,clienttype,nationalid,firstname,lastname,mobile,phone,email,father,typecityid,address,zipcode,birthday,sex,picture,totalcredit) values (-32,'a123456','IPZFxwOUSgAnrPb62S7EZSR4QkUGBcVAa1Bnb/Dc1eo',1,1,0,0,1,10000,to_timestamp('19-JUN-18 06.12.10.549000000 PM','DD-MON-RR HH.MI.SSXFF AM'),100000000000001,'M',null,'Ø¹Ù„ÛŒØ±Ø¶Ø§','Ø®Ø³Ø±ÙˆØ¢Ø¨Ø§Ø¯ÛŒ','09125965247',null,null,null,303,null,null,null,1,null,0);
  Insert into person (personid,username,password,confirm,active,block,login,selfregister,validationcode,validationexpiretime,clientserialnumber,clienttype,nationalid,firstname,lastname,mobile,phone,email,father,typecityid,address,zipcode,birthday,sex,picture,totalcredit) values (-33,'mfawzi','Bu9w3s1G2zE9h4p2qkBVNbZrFzjgAJnzQX4OlfRGQYM',1,1,0,0,1,10000,to_timestamp('18-JUN-18 03.55.43.004000000 PM','DD-MON-RR HH.MI.SSXFF AM'),100000000000001,'M',null,'Ù…Ø­Ù…Ø¯','Ù�ÙˆØ²ÛŒ','09123459542',null,null,null,303,null,null,null,1,null,0);
  Insert into person (personid,username,password,confirm,active,block,login,selfregister,validationcode,validationexpiretime,clientserialnumber,clienttype,nationalid,firstname,lastname,mobile,phone,email,father,typecityid,address,zipcode,birthday,sex,picture,totalcredit) values (-34,'rfawzi','3+Gh3NcHIEO6uK305Yk5mpgZifIAnJXr5Od84oukoV4',1,1,0,0,1,10000,to_timestamp('18-JUN-18 03.55.59.292000000 PM','DD-MON-RR HH.MI.SSXFF AM'),100000000000001,'M',null,'Ø±Ø¶Ø§','Ù�ÙˆØ²ÛŒ','09124845328',null,null,null,303,null,null,null,1,null,0);
  Insert into person (personid,username,password,confirm,active,block,login,selfregister,validationcode,validationexpiretime,clientserialnumber,clienttype,nationalid,firstname,lastname,mobile,phone,email,father,typecityid,address,zipcode,birthday,sex,picture,totalcredit) values (-35,'test97','FeKw08M4keuw8e9gnsQZQgwg4yDOlMZfvIwzEkSOsiU',1,1,0,0,1,10000,to_timestamp('30-JUN-18 04.36.53.343000000 PM','DD-MON-RR HH.MI.SSXFF AM'),100000000000001,'M',null,'ØªØ³Øª','ØªØ³Øª','09357047718',null,'monabagheri3@gmail.com',null,null,null,303,null,1,null,0);
  Insert into person (personid,username,password,confirm,active,block,login,selfregister,validationcode,validationexpiretime,clientserialnumber,clienttype,nationalid,firstname,lastname,mobile,phone,email,father,typecityid,address,zipcode,birthday,sex,picture,totalcredit) values (-36,'mehran29f','73l8gRjwLftklgfdXT+MdiMEjJwGPVMsyVxe16iYpk8',1,1,0,0,1,10000,to_timestamp('27-JUN-18 12.44.52.036000000 PM','DD-MON-RR HH.MI.SSXFF AM'),352419094125503,'M',null,'Ù…Ù‡Ø±Ø§Ù†','Ù�Ø±Ø²Ø§Ù† Ø¬Ùˆ','09126005147',null,'mehran29f@gmail.com',null,null,null,303,null,1,null,0);

  Insert into personrole (personid,roleid) values (-11,1);
  Insert into personrole (personid,roleid) values (-12,1);
  Insert into personrole (personid,roleid) values (-13,1);
  Insert into personrole (personid,roleid) values (-31,6);
  Insert into personrole (personid,roleid) values (-32,6);
  Insert into personrole (personid,roleid) values (-33,6);
  Insert into personrole (personid,roleid) values (-34,6);
  Insert into personrole (personid,roleid) values (-35,6);
  Insert into personrole (personid,roleid) values (-36,6);

  Insert into operator (operatorid,speciality,salary) values (-11,'Office',20000000);
  Insert into operator (operatorid,speciality,salary) values (-12,'Office',20000000);
  Insert into operator (operatorid,speciality,salary) values (-13,'Office',15000000);

  Insert into customer (customerid) values (-31);
  Insert into customer (customerid) values (-32);
  Insert into customer (customerid) values (-33);
  Insert into customer (customerid) values (-34);
  Insert into customer (customerid) values (-35);
  Insert into customer (customerid) values (-36);

END DATABASE_SAMPLE;

/
